SITE_EXTERNAL_ID,SITE_NEW_FLAG,SITE_NAME,SITE_ADDRESS,SITE_CITY,SITE_ZIP,SITE_ZIP_ADDON,COUNTY_CODE,COUNTY,STATE_CODE,STATE,SITE_LAT,SITE_LONG,SITE_DIRECTION,SITE_CONTACT_NAME,SITE_CONTACT_PHONE,STATUS,SITE_TEMP_RETIRE_FLAG,# OF BOAT SLIPS,# OF CAR PARKING SPACES,# OF CB USING SITE,# OF HB USING SITE,# OF RAMPS,# OF TRAILER PARKING SPACES,BOAT MAINTENANCE/REPAIR,BOAT STORAGE,CAN WE INTERVIEW,FISH CLEANING STATIONS,FISHING ACTIVITY AFFECTED BY TIDE,FUEL DOCK,HEADBOAT ONLY,IS FEE CHARGED TO THE PUBLIC FOR USE OF SITE,IS SITE SAFE FOR 2 SAMPLERS AT NIGHT,LIGHTING AT NIGHT,LODGING (ONSITE/IMMEDIATE VICINITY),MAJOR TOURNAMENTS,PRIVATE ACCESS,RESTAURANT (ONSITE/IMMEDIATE VICINITY),RETAIL BAIT,SEFHIER SITE,SHORE AREA,SHORE MODE,TACKLE SHOPS
1,,FAIRHOPE PUBLIC PIER,4 NORTH BEACH ROAD,FAIRHOPE,36532,2527,3,BALDWIN,1,AL,30.524,-87.91285,ON MOBILE BAY IN FAIRHOPE WEST END OF FAIRHOPE AVENUE,,,Active,,0,87,0,0,0,0,NO,NO,YES,NO,NO,NO,NO,NO,YES,YES,NO,NO,NO,YES,NO,NO,INLAND,MAN-MADE,NO
2,,GULF OUTLET MARINA,316 MARINA RD.,CHALMETTE,70043,8317,87,ST. BERNARD,22,LA,29.97253,-89.94505,MARINA DR OFF PARIS RD.,JOE MEDINA,5042779980,Active,,28,50,0,0,2,100,NO,NO,YES,YES,YES,YES,NO,YES,YES,YES,YES,YES,NO,NO,YES,NO,NA,N/A,YES
5,,COTTON BAYOU BOAT RAMPS,25808 PERDIDO BEACH BLVD,ORANGE BEACH,36561,6145,3,BALDWIN,1,AL,30.2718,-87.58307,HWY 182 JUST EAST OF HWY 161,,,Active,,0,8,0,0,4,30,NO,NO,YES,NO,NO,NO,NO,NO,YES,YES,NO,NO,NO,NO,NO,NO,NA,N/A,NO
6,,VENICE MARINA,,VENICE,,,75,PLAQUEMINES,22,LA,29.23982,-89.36445,OFF TIDEWATER RD AT END OF HWY 23 (FOLLOW SIGNS),BILL OR MIKE BUTLER,5045349357,Active,,60,33,35,0,3,33,NO,YES,YES,YES,YES,YES,NO,YES,NO,YES,YES,YES,NO,YES,YES,NO,NA,N/A,YES
8,,ED'S BOAT LAUNCH,,LEEVILLE,,,57,LAFOURCHE,22,LA,29.25433,-90.21185,"OFF HWY 1, BAYOU SIDE ACROSS FROM BOUDREAUX'S",ED OR MRS HERMAN,5043962253,Retired,,0,0,0,0,0,0,NO,NO,NO,NO,YES,NO,NO,NO,NO,NO,NO,NO,YES,NO,NO,NO,NA,N/A,NO
10,,GULF STATE PARK PIER,HWY 182,GULF SHORES,36542,,3,BALDWIN,1,AL,30.24938,-87.66857,HWY 182 1 MILE E OF HWY 59,TERESA CARLISLE,2519673474,Retired,Y,0,224,0,0,0,0,NO,NO,YES,YES,NO,NO,NO,YES,YES,YES,NO,NO,NO,YES,YES,NO,OCEAN,MAN-MADE,YES
12,,ALABAMA POINT,,ORANGE BEACH,,,3,BALDWIN,1,AL,30.27733,-87.55532,WEST SIDE OF PERDIDO PASS BRIDGE ON AL182 (BEACH ROAD),,,Active,,0,36,0,0,0,0,NO,NO,YES,NO,YES,NO,NO,NO,YES,YES,YES,NO,NO,YES,NO,NO,BOTH,MAN-MADE,NO
19,,FISH RIVER MARINA (BIG BOB'S/BAYWATCH),11470 US HWY 98,FAIRHOPE,36532,,3,BALDWIN,1,AL,30.41598,-87.82568,HWY 98 AT FISH RIVER JUST E OF HWY 27 AT BRIDGE (BAY WATCH),OFFICE,,Active,,0,6,0,0,2,25,NO,NO,YES,NO,YES,NO,NO,NO,NO,NO,NO,NO,NO,NO,NO,NO,INLAND,MAN-MADE,NO
21,,INTRACSTL CITY PUB LNCH ON HWY 333,,INTERCOASTAL CITY,,,113,VERMILION,22,LA,29.78527,-92.15361,BEHIND MAXIE PIERCE RESTAURANT RESTAURANT CLOSED,,,Active,,0,80,0,0,4,80,NO,NO,YES,NO,YES,NO,NO,YES,NO,NO,NO,YES,NO,YES,YES,NO,NA,N/A,YES
23,,ROLL OVER LANDING,,PECAN ISLAND,,,113,VERMILION,22,LA,29.65815,-92.5201,ROCKEFELLER REFUGE; WEST END OF PECAN ISLAND,AUTRY OR NELLIE,3187372255,Active,,0,15,0,0,1,15,NO,NO,YES,NO,YES,NO,NO,NO,NO,NO,NO,NO,NO,NO,NO,NO,INLAND,MAN-MADE,NO
24,,BEACH BTW'N HOLLY BEACH\CONSTANCE BCH,,HOLLY BEACH,,,23,CAMERON,22,LA,29.7665,-93.5147,"HWY 82, 9 MILES WEST OF CAMERON",,,Active,,0,30,0,0,0,0,NO,NO,YES,NO,YES,NO,NO,NO,NO,NO,NO,NO,NO,NO,YES,NO,OCEAN,BEACH/BANK,NO
25,,"SABINE LAKE, BETWEEN TEXAS & LA LINE",,JOHNSONS BAYOU,,,23,CAMERON,22,LA,29.7678,-93.8919,"OFF HWY 82, E. SIDE OF BRG JOHNSON",,,Active,,0,8,4,0,1,10,NO,NO,YES,NO,YES,NO,NO,NO,NO,NO,NO,NO,NO,NO,NO,NO,INLAND,BOTH,NO
27,,COTTON BAYOU BEACH ACCESS,,GULF SHORES,36542,,3,BALDWIN,1,AL,30.25507,-87.6423,".2 MILES WEST OF HWY 161, ON HWY 182 ACROSS FROM COTTON BAYOU LAUNCH",,,Active,,0,30,0,0,0,0,NO,NO,YES,NO,NO,NO,NO,NO,NO,NO,NO,NO,NO,NO,NO,NO,OCEAN,BEACH/BANK,NO
28,,LITTLE BILLYGOAT HOLE RAMP & PIER,98 BIENVILLE BLVD,DAUPHIN ISLAND,36528,,97,MOBILE,1,AL,30.25008,-88.0765,EAST END OF ISLAND ACROSS FROM FT. GAINES/DISL,,,Active,,0,30,0,0,4,30,NO,NO,YES,NO,NO,NO,NO,NO,YES,YES,NO,NO,NO,NO,NO,NO,INLAND,BOTH,NO
30,,PRIEN LAKE PARK,3700 West Prien Lake Road,LAKE CHARLES,70605,1030,19,CALCASIEU,22,LA,30.18833,-93.27167,NEAR LAKE CHARLES; 1/4 MILE S. OF I-210 BCH LAUNCH,Parish Facilities,3377213700,Active,,0,15,0,0,2,12,NO,NO,YES,NO,YES,NO,NO,NO,YES,YES,NO,NO,NO,NO,NO,NO,INLAND,BOTH,NO
33,,CAMPO'S MARINA,1301 YCLOSKEY HWY,SHELL BEACH,70085,7759,87,ST. BERNARD,22,LA,29.85378,-89.67903,"TURN LEFT AFTER YCLOSKEY BRIDGE, GO TO END OF LA 46",FRANK CAMPO,5042529321,Active,,0,180,6,0,2,90,NO,NO,YES,YES,YES,YES,NO,YES,YES,YES,NO,YES,NO,NO,YES,NO,NA,N/A,YES
33,,OCEAN SPRINGS HARBOR,1310 Harbor Road,OCEAN SPRINGS,39564,4906,59,JACKSON,28,MS,30.40315,-88.8242,EAST END OF FRONT BEACH DRIVE,,,Active,,164,80,0,0,3,42,NO,YES,YES,YES,YES,YES,NO,NO,NO,YES,NO,YES,NO,YES,YES,NO,NA,N/A,YES
35,,Biloxi Fishing Bridge,Howard Ave,Biloxi,,,47,HARRISON,28,MS,30.39633,-88.8594,Maple Street off of HWY 90; turn right at intersection with Howard Ave at Palace Casino,,,Active,,0,0,0,0,0,0,NO,NO,YES,YES,NO,NO,NO,NO,YES,YES,YES,NO,NO,YES,NO,NO,INLAND,MAN-MADE,NO
36,,BILLYGOAT HOLE - D.I. PUBLIC RAMPS,103 BIENVILLE BLVD,DAUPHIN ISLAND,36528,4603,97,MOBILE,1,AL,30.25149,-88.08172,BAY SIDE AT FERRY SLIP E. END OF DAUPHIN,,,Active,,0,12,0,0,8,40,NO,NO,YES,NO,NO,NO,NO,NO,YES,YES,NO,NO,NO,NO,YES,NO,NA,N/A,NO
37,,FOWL RIVER MARINA,11799 DAUPHIN ISLAND PKWY,THEODORE,36582,7625,97,MOBILE,1,AL,30.44502,-88.11395,HWY 193 AT FOWL RIVER,LESLIE HOGAN,2519732696,Active,,37,50,0,0,3,30,NO,YES,YES,YES,NO,YES,NO,YES,YES,YES,NO,NO,NO,YES,YES,NO,NA,N/A,YES
40,,DE POPES LAUNCH,,VIOLET,,,87,ST. BERNARD,22,LA,29.8987,-89.90052,ST BERNARD HWY & VIOLET CANAL,LIONEL & DESI,5046827744,Retired,,0,30,0,0,0,15,NO,NO,NO,NO,NO,NO,NO,NO,NO,NO,NO,NO,NO,YES,NO,NO,NA,N/A,NO
40,,DAUPHIN ISLAND MARINA,650 LEMOYNE DR,DAUPHIN ISLAND,36528,4456,97,MOBILE,1,AL,30.26323,-88.11395,HWY 193 AT SE END OF DAUPHIN ISLAND BRIDGE CNSLT CHRTR CPT. BEFORE INT,THOMAS TAUL,2518612201,Active,,17,60,21,1,0,0,NO,YES,YES,YES,NO,YES,NO,NO,YES,YES,NO,YES,NO,YES,YES,YES,NA,N/A,YES
43,,JOSEPH'S HARBOR,5476 Grand Chenier Hwy,GRAND CHENIER,70643,3130,23,CAMERON,22,LA,29.717,-92.7653,"OFF HWY 82, IN WEST ROCKEFELLER REFUGE",,3374912593,Active,,0,8,0,0,2,20,NO,NO,YES,NO,YES,NO,NO,NO,NO,NO,NO,NO,NO,NO,NO,NO,INLAND,BOTH,NO
44,,ROCKEFELLER REFUGE LAUNCH,,GRAND CHENIER,,,23,CAMERON,22,LA,29.71185,-92.76575,"(EAST ENTRANCE) EAST HWY 82, W OF PECAN ISLAND",OFFICE SUPERVISOR,3185382165,Active,,0,8,0,0,1,2,NO,NO,YES,NO,YES,NO,NO,NO,NO,NO,NO,NO,NO,NO,NO,NO,INLAND,BOTH,NO
46,,GRAND CHENIER PARK,,GRAND CHENIER,,,23,CAMERON,22,LA,29.77,-92.99167,1 3/4 MILE E. OF MERMENTAU RIVER BRIDGE ON HWY 82,,,Active,,0,4,0,0,2,12,NO,NO,YES,NO,YES,NO,NO,NO,NO,NO,NO,NO,NO,NO,NO,NO,INLAND,BOTH,NO
47,,PASS HARBOR WEST,200 W Scenic Dr,PASS CHRISTIAN,39571,4325,47,HARRISON,28,MS,30.3128,-89.24943,ON HWY 90 BETWEEN LONG BEACH & BAY ST. LOUIS BRIDGE,HARBOR MASTER,2284523226,Active,,316,220,0,0,4,42,NO,NO,YES,YES,NO,YES,NO,NO,YES,YES,NO,YES,NO,YES,NO,NO,NA,N/A,NO
48,,GULFPORT SMALL CRAFT HARBOR,Hwy 90,GULFPORT,39501,,47,HARRISON,28,MS,30.36525,-89.08892,HWY 90 NEAR INTERSECTION WITH HWY 49 SOUTH OF JONES PARK,HARBOR MASTER,2288650095,Active,,319,400,0,0,8,60,NO,NO,YES,YES,NO,YES,NO,NO,NO,YES,NO,NO,NO,NO,YES,NO,NA,N/A,YES
49,,RUTHERFORD BEACH PARK,,OAK GROVE,,,23,CAMERON,22,LA,29.77833,-93.21667,"HWY 82 TURN AT SIGN, WEST OF OAK GROVE",,,Active,,0,20,0,0,0,0,NO,NO,YES,NO,YES,NO,NO,NO,NO,NO,NO,NO,NO,NO,NO,NO,OCEAN,BEACH/BANK,NO
49,,BILOXI SMALL CRAFT HARBOR,679 Beach Blvd,BILOXI,39530,4302,47,HARRISON,28,MS,30.39223,-88.8837,BEACH BLVD 1/2 MI E. OF I-110 LOOP,HARBOR MASTER,2284364062,Active,,141,120,0,0,2,45,NO,NO,YES,YES,NO,YES,NO,NO,NO,YES,NO,NO,NO,NO,YES,YES,NA,N/A,YES
50,,CAMERON JETTIES & RAMP,,CAMERON,,,23,CAMERON,22,LA,29.76167,-93.345,GO TO END OF CAMERON JETTY ROAD GO SOUTH OFF HWY 82 AT CAM-MART,POLICE JURY,3187755718,Active,,0,15,0,0,1,6,NO,NO,YES,YES,YES,NO,NO,YES,NO,NO,NO,NO,NO,NO,NO,NO,BOTH,BOTH,NO
51,,LONG BEACH HARBOR,U.S. 90,LONG BEACH,39560,,47,HARRISON,28,MS,30.34532,-89.1421,"BEACH BLVD, HWY 90, 4 MI WEST OF GULFPORT HARBOR",HARBOR MASTER,2288634795,Active,,230,163,0,0,6,32,NO,NO,YES,YES,YES,YES,NO,NO,NO,YES,NO,YES,NO,YES,YES,NO,NA,N/A,YES
53,,HWY 27 ROADSIDE (HOG ISLAND GULLY),,HACKBERRY,,,23,CAMERON,22,LA,29.90942,-93.38328,"HWY 27, S HACKBERRY",,,Active,,0,7,0,0,2,4,NO,NO,YES,NO,YES,NO,NO,NO,NO,NO,NO,NO,NO,NO,NO,NO,INLAND,BOTH,NO
55,,LA FRANCE'S FISHING CAMP,3200 Lafrances Dr,ANSLEY,39520,,45,HANCOCK,28,MS,30.19667,-89.445,"TURN S OFF 90 AT PEARLS GIFTS, RT ON LOWER BAY RD THEN FOLLOW SIGNS",OFFICE,2284679180,Retired,,0,20,0,0,2,20,NO,YES,YES,YES,NO,NO,NO,YES,YES,NO,NO,NO,NO,NO,YES,NO,NA,N/A,NO
56,,ORANGE BEACH MARINA,27075 MARINA RD,ORANGE BEACH,36561,3557,3,BALDWIN,1,AL,30.28365,-87.5629,N SIDE OF MARINA RD 1 MI E OF HWY 161,,2519814207,Active,,160,260,12,0,0,0,NO,YES,YES,YES,NO,YES,NO,NO,YES,YES,NO,YES,NO,YES,YES,YES,NA,N/A,YES
58,,HWY 90 BOAT LAUNCH-PASCAGOULA,River Edge Road,PASCAGOULA,39567,,59,JACKSON,28,MS,30.375,-88.56667,1/2 MI W OF PASCAGOULA RVR BTWN W&E RIVER BRIDGES,,,Retired,,0,10,0,0,3,24,NO,NO,YES,YES,YES,NO,NO,NO,NO,NO,NO,NO,NO,NO,YES,NO,NA,N/A,NO
59,,Point Park,Beach Blvd,PASCAGOULA,39567,,59,JACKSON,28,MS,30.34543,-88.5615,"HWY 90 TO MARKET ST. S. TO BEACH BLVD, W. TO END",,,Active,,0,75,0,0,8,50,NO,NO,YES,NO,NO,NO,NO,NO,YES,YES,NO,YES,NO,NO,NO,NO,INLAND,MAN-MADE,NO
62,,INTERCOASTAL WATERWAY PARK,Intercoastal Waterway Park Road,Sulphur,,,19,CALCASIEU,22,LA,30.05,-93.36667,"BELOW ELLENDER BRIDGE ON ICW HWY 27, S OF SULPHUR",AMELIA MILLER,3187623182,Active,,0,4,0,0,2,12,NO,NO,YES,YES,YES,NO,NO,NO,NO,YES,NO,NO,NO,NO,NO,NO,INLAND,BOTH,NO
64,,BRETON SOUND MARINA,7600 HWY 624,HOPEDALE,70085,7730,87,ST. BERNARD,22,LA,29.81872,-89.61175,END OF SHELL RD. LA HWY 624,GLEN SANCHEZ,5046761252,Active,,0,300,6,0,2,150,NO,YES,YES,YES,YES,YES,NO,YES,NO,NO,YES,YES,NO,NO,YES,NO,NA,N/A,YES
64,,BAYOU CADDY LAUNCHING RAMP,5124 Pleasure St.,WAVELAND BEACH,39520,,45,HANCOCK,28,MS,30.23987,-89.43237,WEST END OF SOUTH BEACH BLVD,,,Active,,75,20,0,0,1,70,NO,NO,YES,YES,NO,NO,NO,NO,NO,YES,NO,NO,NO,NO,NO,NO,INLAND,MAN-MADE,NO
67,,CO CO MARINA,106 Pier 56,COCODRIE,70344,2000,109,TERREBONNE,22,LA,29.25065,-90.66212,OFF HWY 56 NEXT TO LUMCON SITE NO NAMES OR ADD OF CHARTER PATRO,Mike Glover,9855946626,Active,,39,10,6,0,2,46,NO,YES,YES,YES,NO,YES,NO,YES,NO,YES,YES,YES,NO,YES,YES,NO,NA,N/A,YES
68,,SPORTSMAN'S MARINA,27844 CANAL RD,ORANGE BEACH,36561,4009,3,BALDWIN,1,AL,30.29257,-87.5501,S SIDE OF HWY 180 3 MI E OF HWY 161,,2519816247,Active,,50,100,10,1,0,0,YES,YES,YES,YES,NO,YES,NO,NO,YES,YES,NO,NO,NO,YES,YES,NO,NA,N/A,NO
69,,COUSIN'S BOAT LAUNCH,,SLIDELL,,,103,ST. TAMMANY,22,LA,30.21807,-89.82357,NORTH SHORE SIDE HWY 11 BRIDGE; NEXT TO TITE'S,MR COUSIN,5046433819,Retired,,0,0,0,0,0,0,NO,NO,NO,NO,NO,NO,NO,NO,NO,NO,NO,NO,YES,NO,NO,NO,NA,N/A,NO
70,,RIGOLETS BAIT & SEAFOOD,52250 HWY 90 E,SLIDELL,70461,1220,103,ST. TAMMANY,22,LA,30.17678,-89.72695,R AT LA 433 AND HWY 90 JCT. ON LEFT BEFORE RIGOLETS BRIDGE,LESTER RALPH/ STAN BOYD,9856418088,Active,,75,20,8,0,2,50,NO,YES,YES,YES,YES,YES,NO,YES,YES,YES,NO,YES,NO,NO,YES,NO,NA,N/A,YES
73,,MYRTLE GROVE MARINA,,MYRTLE GROVE,,,75,PLAQUEMINES,22,LA,29.6319,-89.95157,"HWY 23 TO BP REFINERY 1 1/2 MI, TAKE RIGHT AT SIGN",LEONA SQUARISH,5046569980,Active,,4,18,3,0,2,18,NO,YES,YES,YES,YES,YES,NO,YES,NO,NO,NO,YES,NO,NO,YES,NO,INLAND,BOTH,YES
73,,BOGGY POINT PUBLIC BOAT RAMPS,28212 MARINA ROAD,ORANGE BEACH,36561,,3,BALDWIN,1,AL,30.28412,-87.53737,"FROM BEACH ROAD (AL182), TURN NORTH ON AL 161, THEN TURN EAST ON MARINA RD.  LAUNCH IS AT THE END OF THE ROAD.",,,Active,,0,4,0,0,2,39,NO,NO,YES,NO,NO,NO,NO,NO,YES,YES,NO,NO,NO,NO,NO,YES,NA,N/A,NO
73,,RIVER PARK FISHING PIER & BOAT RAMP,Clark Street,PASCAGOULA,39567,,59,JACKSON,28,MS,30.37492,-88.56483,JUST N OF HWY 90 BRDG AT EAST PASCAGOULA RIVER,,,Active,,0,50,0,0,2,20,NO,NO,YES,YES,YES,NO,NO,NO,YES,YES,NO,NO,NO,NO,NO,NO,INLAND,MAN-MADE,NO
74,,"PT LA HACHE MARINA, BESHEL BT LNCH",,POINT A LA HACHE,70082,,75,PLAQUEMINES,22,LA,29.56875,-89.76458,"HWY 39, OVER LEVEE EASTSIDE OF TOWN",DON BESHEL,5043334469,Active,,70,40,0,0,2,40,NO,NO,YES,NO,NO,YES,NO,YES,NO,NO,NO,NO,NO,NO,YES,NO,NA,N/A,YES
75,,Old Hwy 90 Fishing Bridge,Hwy 90 Service Road,Ocean Springs,39564,,59,JACKSON,28,MS,30.40678,-88.83852,Hwy 90 West to the Hwy 90 Service road. turn Right. Go to the End.,,,Active,,0,32,0,0,0,0,NO,NO,YES,YES,YES,NO,NO,NO,YES,YES,NO,NO,NO,NO,NO,NO,INLAND,MAN-MADE,NO
75,,WEEKS BAY PUBLIC BOAT RAMP,10471 COUNTY ROAD 1,FAIRHOPE,36532,5933,3,BALDWIN,1,AL,30.37653,-87.83727,"SOUTH OFF HWY 98 AT CO. RD. 27, E ON CO RD. 1 TO END",,,Active,,0,12,0,0,2,40,NO,NO,YES,NO,NO,NO,NO,NO,NO,YES,NO,NO,NO,NO,NO,NO,INLAND,BOTH,NO
76,,WASHINGTON ST BEACH PARK,South Beach Blvd,BAY ST LOUIS,39520,,45,HANCOCK,28,MS,30.3022,-89.32747,SOUTH BEACH BLVD AND WASHINGTON ST PIER DAMAGEDJETTIESOKRAMPSdamage,,,Active,,0,69,0,0,2,20,NO,NO,YES,YES,YES,NO,NO,NO,YES,YES,NO,NO,NO,NO,NO,NO,INLAND,MAN-MADE,NO
79,,T-IRV'S MARINA,9499 Grand Caillou Rd,DULAC,70353,2121,109,TERREBONNE,22,LA,29.3414,-90.72995,"BAYOU GRAND CALLIOU, SOUTH OF DULAC STAY RT ON SHELL DR. TO MARINA",IRVIN Carlos & PAM,9855634295,Active,,0,6,0,0,2,100,NO,NO,YES,NO,NO,NO,NO,YES,NO,NO,NO,NO,NO,NO,YES,NO,NA,N/A,NO
82,,"5 MILE WATERFRONT, S BEACH BLVD",,BAY ST LOUIS,39520,,45,HANCOCK,28,MS,30.28108,-89.36997,Starting (but not including) Garfield Ladner Pier to the Silver Slipper Casino waterfront.,,,Active,,0,0,0,0,0,0,NO,NO,YES,NO,YES,NO,NO,NO,YES,NO,NO,NO,NO,NO,NO,NO,INLAND,BEACH/BANK,NO
83,,QUINTANA PUBLIC LAUNCH,,CYPREMORT POINT,,,101,ST. MARY,22,LA,29.7233,-91.8632,"HWY 319,NEXT TO STATE PARK",,,Active,,0,65,0,0,4,65,NO,NO,YES,NO,YES,NO,NO,YES,NO,NO,NO,YES,NO,YES,YES,NO,NA,N/A,YES
85,,OCEAN SPRINGS COMMUNITY PIER,Front Beach Drive,OCEAN SPRINGS,39564,,59,JACKSON,28,MS,30.40498,-88.82952,FRONT BEACH AND MARTIN AVE,,,Active,,0,12,0,0,0,0,NO,NO,YES,YES,YES,NO,NO,NO,YES,YES,NO,NO,NO,NO,NO,NO,INLAND,MAN-MADE,NO
87,,POPPS FERRY,Popps Ferry Causeway,BILOXI,39532,,47,HARRISON,28,MS,30.41667,-88.975,"BEAUVOIR AVE OFF HWY 90, LFT ON PASS RD., RT ON POPPS FERRY, LFT AFTER BRIDGE",,,Active,,0,30,0,0,4,10,NO,NO,YES,NO,YES,NO,NO,NO,NO,NO,NO,NO,NO,NO,NO,NO,INLAND,BOTH,NO
88,,KUHN ST BOAT RAMP & PIER,,BILOXI,39530,,47,HARRISON,28,MS,30.3923,-88.87243,HWY 90 (1/2 MI EAST OF BILOXI SMALL CRAFT HARBOR),,,Active,,0,3,0,0,2,10,NO,NO,YES,NO,YES,NO,NO,NO,NO,YES,NO,NO,NO,NO,NO,NO,NA,N/A,NO
89,,LAKE MARS PIER,Lake Mars Road,FOUNTAINBLEAU,39564,,59,JACKSON,28,MS,30.35633,-88.75867,SOUTH OFF HWY 90 ON HANSHAW RD-RT THEN LFT ON BEACHVIEW DRIVE TO LK MARS RD.,,,Active,,0,15,0,0,2,10,NO,NO,YES,NO,YES,NO,NO,NO,NO,NO,NO,NO,NO,NO,NO,NO,INLAND,MAN-MADE,NO
90,,GULF ISLANDS NATIONAL SEASHORE (Ramp),673 Boat Launch Road,OCEAN SPRINGS,39564,,59,JACKSON,28,MS,30.39,-88.78933,Boat Ramp is located within GINS and opposite of the Visitor's Center,PARK RANGER,,Active,,0,40,0,0,1,12,NO,NO,YES,YES,YES,NO,NO,NO,NO,NO,NO,NO,NO,NO,NO,NO,INLAND,BOTH,NO
91,,ACADIANA MARINA,,PECAN ISLAND,,,113,VERMILION,22,LA,29.81158,-92.13165,"OFF HWY 82, 1 MILE BEFORE HWY 3147",SEMMES LYNCH,3187372402,Active,,0,0,0,0,0,0,NO,NO,NO,NO,NO,NO,NO,NO,NO,NO,NO,NO,YES,NO,NO,NO,NA,N/A,NO
91,,F0RT BAYOU PUBLIC FISHING PIER & RAMP,Washington Avenue,OCEAN SPRINGS,39564,,59,JACKSON,28,MS,30.42033,-88.82783,HWY 90 TO WASHINGTON ST.-1ST RT AFTER FORT BAYOU BRIDGE-,,,Active,,0,20,0,0,2,20,NO,NO,YES,YES,NO,NO,NO,NO,YES,YES,NO,NO,NO,YES,YES,NO,INLAND,BOTH,YES
91,,GULF SHORES MARINA (FT MORGAN MARINA),1577 HWY 180 WEST,GULF SHORES,36542,7008,3,BALDWIN,1,AL,30.23297,-87.99375,"WEST ON FT MORGAN ROAD, ALMOST TO THE FERRY DOCK",,2515402628,Active,,60,80,8,1,0,0,NO,YES,YES,YES,NO,YES,NO,NO,YES,YES,NO,NO,NO,YES,YES,YES,NA,N/A,YES
92,,KREMER MARINE,1408 Cowan Lorraine Road,GULFPORT,39501,,47,HARRISON,28,MS,30.4054,-89.02727,"COWAN RD OFF HWY 90 GO TO 1ST BRDG, RAMP ON RIGHT",,,Retired,Y,0,20,0,0,2,20,NO,NO,YES,NO,YES,NO,NO,NO,NO,NO,NO,NO,NO,NO,NO,NO,INLAND,BOTH,NO
95,,D'IBERVILLE RAMP,Bayshore Drive,D'IBERVILLE,39540,,47,HARRISON,28,MS,30.42467,-88.8947,BILOXI BAY NORTH SHORE UNDER I-110 BRIDGE,,,Active,,31,30,0,0,6,40,NO,NO,YES,YES,YES,NO,NO,NO,NO,YES,NO,NO,NO,NO,NO,YES,INLAND,MAN-MADE,NO
96,,LITTLE JOE'S FISH CAMP,12056 Cedar Lake Road,BILOXI,39532,,47,HARRISON,28,MS,30.42833,-88.98,POPPS FERRY RD LF ON CEDAR LK RD PAST I-10 TO BR WINTER SITE,,,Retired,,6,15,0,0,1,10,NO,NO,YES,NO,YES,NO,NO,NO,YES,NO,NO,NO,NO,NO,NO,NO,NA,N/A,NO
103,,POINT CADET MARINA,591 Howard Ave,BILOXI,39530,4447,47,HARRISON,28,MS,30.38967,-88.85948,HWY 90 & MYRTLE NEXT TO GULF MARINE PARK,HARBOR MASTER,2284369312,Active,,300,92,14,0,0,95,NO,YES,YES,YES,NO,YES,NO,NO,YES,YES,YES,YES,NO,YES,YES,YES,NA,N/A,YES
105,,PEARLINGTON PUBLIC BOAT RAMP,Monroe St.,PEARLINGTON,39572,,45,HANCOCK,28,MS,30.24797,-89.6156,END OF MONROE ST OFF 604,,,Active,,0,5,0,0,2,5,NO,NO,YES,YES,NO,NO,NO,NO,NO,NO,NO,NO,NO,NO,NO,NO,INLAND,BOTH,NO
107,,URIE PIER,Hwy 90,GULFPORT,39501,,47,HARRISON,28,MS,30.35918,-89.08645,S. SIDE OF GULFPORT SMALL CRAFT HARBOR (BEHIND HRBR MAST. OFF.),HARBOR MASTER,2288685713,Active,,0,95,0,0,0,0,NO,NO,YES,YES,YES,YES,NO,NO,NO,NO,NO,YES,NO,NO,YES,NO,INLAND,MAN-MADE,YES
108,,MOSES PIER,Hwy 90,GULFPORT,39501,,47,HARRISON,28,MS,30.3629,-89.08572,E. SIDE OF GULFPORT SMALL CRAFT HARBOR (BEHIND HRBR MAST. OFF.),HARBOR MASTER,2288685713,Active,,0,40,0,0,0,0,NO,NO,YES,YES,YES,YES,NO,NO,NO,NO,NO,NO,NO,NO,YES,NO,INLAND,MAN-MADE,YES
109,,FOUR POINT LANDING,1171 Four Point Rd.,DULAC,70353,2139,109,TERREBONNE,22,LA,29.30795,-90.71537,"ON 4-PT RD BELOW HWY 57, 8-12 MI S OF DULAC",LAURIE SPELL,9855632878,Active,,13,6,0,0,2,75,NO,YES,YES,YES,NO,YES,NO,YES,NO,YES,NO,NO,NO,NO,YES,NO,NA,N/A,YES
112,,BAYOU CASSOTTE RAMP,Ladner Avenue,PASCAGOULA,39567,,59,JACKSON,28,MS,30.35245,-88.50872,"HY90 TO CHICOT, S TO INGALLS,E.TO LOUISE, S TO LADNER",,,Active,,0,18,0,0,2,15,NO,NO,YES,NO,NO,NO,NO,NO,NO,NO,NO,NO,NO,NO,YES,NO,INLAND,MAN-MADE,YES
113,,ISLAND VIEW CASINO CATWALK,Hwy 90,GULFPORT,39501,,47,HARRISON,28,MS,30.36173,-89.10118,WEST SIDE OF ISLAND VIEW CASINO AT HWY 90 & 28TH AVE.,,,Retired,,0,50,0,0,0,0,NO,NO,YES,NO,YES,NO,NO,NO,NO,NO,NO,NO,NO,NO,NO,NO,INLAND,MAN-MADE,NO
114,,CEDAR POINT FISHING PIER,18250 DAUPHIN ISLAND PARKWAY,CODEN,36523,3868,97,MOBILE,1,AL,30.31035,-88.13825,W SIDE OF HWY 193 AT N END OF DAUPHIN ISLE BRIDGE,OFFICE,2518734476,Active,,0,35,0,0,0,0,NO,NO,YES,YES,NO,NO,NO,YES,YES,YES,NO,NO,NO,NO,YES,NO,INLAND,MAN-MADE,YES
115,,FT MORGAN PUBLIC BOAT RAMP,53 DIXIE GRAVES PKWY,GULF SHORES,36542,8000,3,BALDWIN,1,AL,30.23143,-88.01767,W END OF HWY 180 AT FT MORGAN,,2515407127,Active,,0,50,0,0,4,50,NO,NO,YES,NO,NO,NO,NO,YES,NO,NO,NO,NO,NO,NO,NO,NO,INLAND,MAN-MADE,NO
116,,ZEKE'S LANDING,26619 PERDIDO BEACH BLVD,ORANGE BEACH,36561,3187,3,BALDWIN,1,AL,30.27527,-87.56938,HWY 182 / 1 MI W OF PERDIDO PASS,ANGELA,2519814007,Active,,55,250,42,1,0,0,NO,YES,YES,YES,NO,YES,NO,NO,YES,YES,YES,NO,NO,YES,YES,YES,NA,N/A,NO
119,,MEAHER STATE PARK,5200 BATTLESHIP PKWY,SPANISH FORT,36527,9334,3,BALDWIN,1,AL,30.66607,-87.92645,ON CAUSEWAY MILE MARKER #43 BOAT RAMP OUTSIDE FENCE (E. SIDE),,2516265529,Active,,0,20,0,0,2,20,NO,NO,YES,NO,YES,NO,NO,YES,NO,NO,YES,NO,NO,NO,NO,NO,INLAND,BOTH,NO
120,,WEST SIDE PIER,Hwy 90,GULFPORT,,,47,HARRISON,28,MS,30.35963,-89.10862,"W. BEACH BLVD, IN FRONT OF COMMUNITY HOUSE",,,Retired,,0,24,0,0,0,0,NO,NO,YES,YES,YES,NO,NO,NO,YES,YES,NO,NO,NO,NO,NO,NO,INLAND,MAN-MADE,NO
121,,HAPPY JACK'S MARINA,,PORT SULPHUR,,,75,PLAQUEMINES,22,LA,29.51777,-89.73672,"HWY 23, RIGHT AT SIGN, OVER LEVEE",FRANCIS & JIM,5045643014,Active,,12,10,0,0,1,10,NO,YES,YES,NO,YES,NO,NO,YES,NO,NO,NO,NO,NO,NO,NO,NO,NA,N/A,NO
122,,HI RIDGE MARINA,,PORT SULPHUR,,,75,PLAQUEMINES,22,LA,29.49095,-89.7138,"HWY 23, RT AT SIGN, BRIDGE, 2 MI S. OF HAPPY JACK'S (CLOSED MONDAY, EXCEPT HOLIDAYS)",MIKE & MARGOT,5045642232,Retired,,0,10,0,0,1,10,NO,NO,YES,NO,YES,NO,NO,YES,NO,NO,NO,NO,NO,NO,YES,NO,NA,N/A,NO
125,,HOPPES FISHING CAMP,4724 DAUPHIN ISLAND PARKWAY,MOBILE,36605,,97,MOBILE,1,AL,30.57387,-88.08587,NW SIDE OF DOG RIVER BRIDGE,PATTY HOPPE,2514798302,Retired,,0,20,0,0,1,20,NO,NO,YES,NO,NO,NO,NO,YES,NO,NO,NO,NO,NO,NO,NO,NO,NA,N/A,NO
126,,JOSHUA MARINA,,BURAS,,,75,PLAQUEMINES,22,LA,29.34948,-89.5388,"OFF HWY 23, TAKE RIGHT OVER LEVEE AT SIGN NEXT TO BURAS BOAT HARBOR",BOB OR MARK,5046577632,Active,,0,12,20,0,1,12,NO,NO,YES,NO,YES,YES,NO,YES,NO,YES,NO,NO,NO,NO,NO,NO,NA,N/A,YES
126,,MCNALLY PARK (SHORE),4380 PARK ROAD,MOBILE,36605,9469,97,MOBILE,1,AL,30.58162,-88.06947,DI PKWY TO TERRELL RD TO PARK RD SOUTH 1 BLK.,,,Active,,0,125,0,0,0,0,NO,NO,YES,NO,NO,NO,NO,NO,NO,NO,NO,NO,NO,NO,NO,NO,INLAND,MAN-MADE,NO
127,,SEAWAY MARINA,,LAFITTE,,,51,JEFFERSON,22,LA,29.65625,-90.10882,END OF HWY 45--FOLLOW SIGNS; 5057 KENAL ROAD,KIM,5046893148,Active,,28,15,4,0,2,15,NO,YES,YES,YES,YES,YES,NO,YES,NO,YES,NO,YES,NO,NO,YES,NO,NA,N/A,YES
130,,BELLE PASS MARINA,,LAFOURCHE,,,57,LAFOURCHE,22,LA,29.11333,-90.19665,1/2 MI N. OF SITE 0230 AND A.J. ESTAY RD. & 3090 HWY,C MORAN/ DEBBIE H,5043962442,Retired,,0,0,0,0,0,0,NO,NO,NO,NO,NO,NO,NO,NO,NO,NO,NO,NO,NO,NO,NO,NO,NA,N/A,NO
133,,JOSH'S LAUNCH,,GOLDEN MEADOW,70373,,57,LAFOURCHE,22,LA,29.38372,-90.27032,"OFF HWY 3235 1/2 MI PAST PARK, OVER LEVEE BEHIND Scales and Tailsbait SHOP",Josh Leonard,9856375597,Retired,,0,6,0,0,2,38,NO,NO,YES,NO,NO,NO,NO,YES,NO,NO,NO,NO,NO,NO,NO,NO,NA,N/A,NO
135,,BIG BAYOU BLUE MARINA,1352 Hwy 24,LAROSE,70373,3731,57,LAFOURCHE,22,LA,29.54413,-90.40072,"LA-24, LAROSE-BOURG HWY 2 MI W. OF BRIDGE X-ING ICWW",Jerry Sanders,9856937491,Active,,0,100,0,0,1,50,NO,NO,YES,YES,NO,NO,NO,YES,NO,NO,NO,NO,NO,NO,NO,NO,NA,N/A,NO
140,,LEBLANC'S MARINA,,GRAND ISLE,,,51,JEFFERSON,22,LA,29.21497,-90.02833,"OFF LA 1, TAKE LFT. AT SIGN",RENE LEBLANC,9857872307,Retired,,0,0,0,0,0,0,NO,NO,NO,NO,YES,NO,NO,NO,NO,NO,NO,NO,NO,NO,NO,NO,NA,N/A,NO
140,,TENSAW PUBLIC BOAT RAMP,1401 BATTLESHIP PKWY,SPANISH FORT,36527,9325,3,BALDWIN,1,AL,30.68182,-88.00492,EAST OF TENSAW RIVER BRIDGE ON NORTH SIDE OF BATTLESHIP PARKWAY,,,Active,,0,35,0,0,2,35,NO,NO,YES,NO,YES,NO,NO,NO,NO,NO,NO,NO,NO,NO,NO,NO,NA,N/A,NO
141,,BRIDGE SIDE MARINA,,GRAND ISLE,,,51,JEFFERSON,22,LA,29.20332,-90.04,"OFF LA 1, TAKE RIGHT AFTER CROSSING CAMINADA BRIDGE",RENE OR DOTI,5047872419,Active,,62,100,12,0,1,100,NO,YES,YES,YES,YES,YES,NO,YES,NO,YES,YES,YES,NO,YES,YES,NO,INLAND,BOTH,YES
142,,MULLET POINT PARK,13203 COUNTY ROAD 1,FAIRHOPE,36532,5955,3,BALDWIN,1,AL,30.41615,-87.90868,"SOUTH OFF HWY 98 ON HWY 27, EAST ON CNTY RD 1, RAMP ON RIGHT",,,Active,,0,25,0,0,1,25,NO,NO,YES,NO,NO,NO,NO,NO,NO,NO,NO,NO,NO,NO,NO,NO,NA,N/A,NO
147,,FALGOUT CANAL LANDING,1868 Doctor Beatrous Rd.,THERIOT,70397,9644,109,TERREBONNE,22,LA,29.41348,-90.7836,"OFF HWY 315, ON FALGOUT CANAL ACROSS BAYOU BRIDGE",JERAMIE BALL,9858721636,Active,,0,12,0,0,1,125,NO,YES,YES,NO,NO,YES,NO,YES,NO,YES,YES,YES,NO,YES,YES,NO,NA,N/A,YES
150,,ABANDONED HWY 1 BRIDGE (WEST),,GRAND ISLE,,,51,JEFFERSON,22,LA,29.21,-90.05,WEST SIDE OF CAMINADA PASS CROSSING TO GRAND ISLE SIDE NEAR CIGAR MARINA,,,Active,,0,9,0,0,0,0,NO,NO,YES,NO,YES,NO,NO,NO,NO,YES,NO,NO,NO,NO,NO,NO,INLAND,MAN-MADE,NO
151,,ABANDONED HWY 1 BRIDGE (EAST),,GRAND ISLE,,,51,JEFFERSON,22,LA,29.205,-90.04,EAST SIDE OF CAMINADA PASS CROSSING TO GRAND ISLE SIDE NEAR BRIDGE SIDE MARINA,,,Active,,0,100,0,0,0,0,NO,NO,YES,YES,YES,NO,NO,YES,NO,YES,YES,NO,NO,YES,NO,NO,INLAND,MAN-MADE,NO
152,,SPORTSMAN'S PARADISE,6830 Hwy 56,CHAUVIN,70344,2611,109,TERREBONNE,22,LA,29.33717,-90.63855,BETWEEN CHAVIN & COCODRIE ON LA HWY 56,CONNIE TOWNSEND,9855942414,Active,,9,6,5,0,1,6,NO,YES,YES,YES,NO,YES,NO,YES,NO,NO,YES,NO,NO,YES,YES,NO,NA,N/A,NO
155,,WESTEND BOAT LAUNCH,,NEW ORLEANS,70124,,71,ORLEANS,22,LA,30.02833,-90.12022,TURN NORTH OFF OF ROBERT E. LEE BLVD. WHERE WEST END BECOMES LAKESHORE DR. TURN LEFT ON LAKE MARINA DR. FOLLOW ROAD AROUND TO LAKE PONCHARTRAIN,,,Active,,0,30,0,0,4,30,NO,NO,YES,NO,NO,NO,NO,NO,NO,NO,NO,NO,NO,NO,NO,NO,INLAND,BOTH,NO
158,,KOZY KAMPERS,6400 Hwy 56,COCODRIE,70344,2603,109,TERREBONNE,22,LA,29.33255,-90.64348,10 MI N OF COCODRIE ON HWY 56 & ROBINSON CANAL ACROSS FROM LAPEYROUSSE SFD&BAR,TERRY Lapeyrouse,9855942600,Active,,0,6,0,0,1,35,NO,NO,YES,YES,NO,YES,NO,YES,NO,YES,NO,NO,NO,NO,YES,NO,INLAND,MAN-MADE,YES
159,,ELMER'S ISLAND CAMPING AND FISHING,,GRAND ISLE,,,51,JEFFERSON,22,LA,29.19498,-90.075,"TAKE RIGHT AT SIGN, OFF HWY 1",JAY ELMER OR DARLENE,5047873819,Active,,0,0,0,0,0,0,NO,NO,YES,NO,YES,NO,NO,NO,NO,NO,NO,NO,NO,NO,NO,NO,BOTH,BEACH/BANK,NO
173,,LAKE HERMITAGE LAUNCH,,LAKE HERMITAGE,,,75,PLAQUEMINES,22,LA,29.5586,-89.88438,"2 MI PAST MYRTLE GROVE, RT ON LK JUDGE PEREZ RD 5 MI OFF SHELL RD",KENNY MORRISON,9856562020,Retired,,0,0,0,0,0,0,NO,NO,NO,NO,YES,NO,NO,NO,NO,NO,NO,NO,YES,NO,NO,NO,NA,N/A,NO
178,,MONKEY ISLAND,,CAMERON,,,23,CAMERON,22,LA,29.77773,-93.34395,"TAKE MONKEY ISLAND FERRY, OFF HWY 82",,,Retired,,0,8,0,0,0,0,NO,NO,NO,NO,YES,NO,NO,NO,NO,NO,NO,NO,NO,NO,NO,NO,INLAND,MAN-MADE,NO
179,,MERMENTAU RIVER AREA,,GRAND CHENIER,,,23,CAMERON,22,LA,29.77833,-93.0145,"NEAR GRAND CHENIER HWY 82, MERMENTEU RVR.",,,Active,,0,10,0,0,0,0,NO,NO,YES,NO,YES,NO,NO,NO,NO,NO,NO,NO,NO,NO,NO,NO,INLAND,BOTH,NO
181,,BURNS POINT RECREATIONAL AREA,,BURN'S POINT,,,101,ST. MARY,22,LA,29.575,-91.5283,"S. END OF 317 OUT OF CENTERVILLE, CALL PRIOR",ISAAC LUKE,3188369784,Active,,0,30,0,0,2,30,NO,NO,YES,NO,YES,NO,NO,YES,YES,YES,NO,NO,NO,NO,NO,NO,INLAND,BOTH,NO
182,,PIP'S PLACE,6405 HOPEDALE HWY,HOPEDALE,70085,,87,ST. BERNARD,22,LA,29.81407,-89.6431,"HWY 624, TURN RIGHT AFTER BRIDGE, 3 MILES ON LEFT",DIANE,5046763747,Retired,,0,40,0,0,1,20,NO,NO,YES,NO,YES,NO,NO,YES,YES,YES,YES,NO,NO,NO,NO,NO,NA,N/A,NO
183,,BAYOU BIENVENUE MARINA,2001 PARIS RD.,NEW ORLEANS,70129,7801,71,ORLEANS,22,LA,29.98203,-89.9444,ON LEFT 0.25 MILES FROM THE PARIS ROAD BRIDGE; TURN LEFT AT BAYOU BIENVENUE BRIDGE NEXT TO PARADISE CASINO,JIMMY DIXON,5042773755,Active,,0,50,0,0,2,50,NO,NO,YES,NO,YES,NO,NO,YES,NO,NO,NO,NO,NO,NO,YES,NO,NA,N/A,YES
222,,BANK ALONG HWY 1 ROADSIDE,,FOURCHON,,,51,JEFFERSON,22,LA,29.15833,-90.17832,FROM HWY 3090 TO CAMINADA PASS (SHOULDER OF HWY 1 FOURCHON TO GI BRIDGE),,,Active,,0,0,0,0,0,0,NO,NO,YES,NO,YES,NO,NO,NO,NO,NO,NO,NO,NO,NO,NO,NO,INLAND,BOTH,NO
224,,WILLIAMS BLVD BOAT RAMP,,KENNER,,,51,JEFFERSON,22,LA,30.0409,-90.23855,END OF Williams BLVD AT LAKE PONCHARTRAIN OVER LEVEE NEXT TO CASINO,,,Active,,0,81,0,0,5,68,NO,NO,YES,NO,NO,NO,NO,NO,YES,YES,NO,NO,NO,NO,NO,NO,INLAND,BOTH,NO
227,,LOMBARD'S,19945 HWY 90,NEW ORLEANS,70129,,71,ORLEANS,22,LA,30.07037,-89.83713,HWY 90 2 MI E OF HWY 11 & HWY 90 JUNCTION,AL LOMBARD,5042540174,Retired,,0,20,0,0,2,10,NO,NO,NO,NO,YES,NO,NO,NO,YES,NO,NO,NO,YES,NO,NO,NO,NA,N/A,NO
230,,MELANCON'S LAUNCH,,PORT FOURCHON,,,57,LAFOURCHE,22,LA,29.115,-90.19167,HWY 3090 & LUMCON RD,,,Active,,0,25,0,0,2,25,NO,NO,YES,NO,NO,NO,NO,NO,NO,NO,NO,NO,NO,NO,NO,NO,INLAND,MAN-MADE,NO
231,,ROADSIDE ALONG SHOULDER OF HWY 1,,PORT FOURCHON,,,57,LAFOURCHE,22,LA,29.24498,-90.20663,BETWEEN LEEVILLE AND FOURCHON,,,Active,,0,0,0,0,0,0,NO,NO,YES,NO,YES,NO,NO,NO,NO,NO,NO,NO,NO,NO,NO,NO,INLAND,BOTH,NO
232,,DELTA MARINA,,EMPIRE,,,75,PLAQUEMINES,22,LA,29.38497,-89.60208,"ON NORTH BANK OF EMPIRE CANAL, OLD HWY 23 & BRIDGE NEXT TO EMPIRE SHIPYARD",JIMMY & SONNY,5046579726,Active,,10,30,5,0,1,30,NO,YES,YES,YES,YES,YES,NO,YES,NO,YES,YES,YES,NO,YES,YES,NO,NA,N/A,YES
233,,CAMERON SHIP CHANNEL,,CAMERON,,,23,CAMERON,22,LA,29.8,-93.35,"HWY 82, FERRY LANDING CROSSING",,,Active,,0,10,0,0,1,10,NO,NO,YES,NO,YES,NO,NO,NO,NO,NO,NO,NO,NO,NO,NO,NO,INLAND,MAN-MADE,NO
238,,FORT PIKE STATE PARK-PUBLIC LAUNCH,27100 CHEF MENTEUR HWY,NEW ORLEANS,70129,3106,71,ORLEANS,22,LA,30.16673,-89.73723,OFF US HWY 90 WEST SIDE OF RIGOLETS BRIDGE,,5042559171,Active,,0,5,0,0,1,8,NO,NO,YES,NO,YES,NO,NO,NO,NO,NO,NO,NO,NO,NO,NO,NO,NA,N/A,NO
239,,CHEF HARBOR,20848 CHEF MENTEUR,NEW ORLEANS,70129,2560,71,ORLEANS,22,LA,30.07142,-89.80092,"HWY 90, 1/2 MI EAST OF CHEF PASS AND BRIDGE",LOUIS VIAVANT,,Active,,0,60,0,0,2,30,NO,NO,YES,NO,YES,YES,NO,YES,YES,YES,NO,NO,NO,NO,YES,NO,NA,N/A,NO
244,,POINTE AUX CHENES MARINA,4266 Hwy 665,POINT AU CHENES,70377,2427,109,TERREBONNE,22,LA,29.41602,-90.44765,END OF HWY 665,BARRY FANGUY,9855944654,Active,,11,112,0,0,2,56,NO,NO,YES,YES,NO,YES,NO,NO,NO,YES,YES,YES,NO,NO,YES,NO,INLAND,MAN-MADE,YES
255,,PIRATES' COVE MARINA,,GRAND ISLE,,,51,JEFFERSON,22,LA,29.26332,-89.95663,"END OF LA 1, 1/2 MI E. OF STATE PK.",EARL & PATTY,5047873880,Retired,,0,0,0,0,0,0,NO,NO,NO,NO,NO,NO,NO,,NO,NO,NO,NO,YES,NO,NO,NO,NA,N/A,NO
256,,GRAND ISLE STATE PARK FISHING PIER,,GRAND ISLE,,,51,JEFFERSON,22,LA,29.26,-89.95,"EAST END OF GRAND ISLE, TURN RIGHT AT SIGN",RANGER RESWEBER,5047872559,Active,,0,150,0,0,0,0,NO,NO,YES,NO,YES,NO,NO,YES,NO,YES,NO,NO,NO,NO,NO,NO,OCEAN,MAN-MADE,NO
257,,FORT JACKSON,,VENICE,,,75,PLAQUEMINES,22,LA,29.353,-89.45833,"HWY 23, OVER MISS. RIVER LEVEE AT FRT. JACKSON",,,Active,,0,5,3,0,1,5,NO,NO,YES,NO,YES,NO,NO,NO,NO,NO,NO,NO,NO,NO,NO,NO,NA,N/A,NO
262,,INTERSTATE 210 BEACH LAUNCH,2937 Kiwanis Lane,LAKE CHARLES,70605,1000,19,CALCASIEU,22,LA,30.1961,-93.27118,BELOW I-210 BRIDGE INSIDE LA FLEUR PARK; EAST SIDE,PARISH POLICE,3374913600,Active,,0,15,0,0,1,15,NO,NO,YES,NO,YES,NO,NO,NO,NO,NO,NO,NO,NO,NO,NO,NO,INLAND,BOTH,NO
266,,LAKE CHARLES CIVIC CENTER SEAWALL,,LAKE CHARLES,,,19,CALCASIEU,22,LA,30.22167,-93.21667,SEAWALL W OF CIVIC CENTER; E SIDE OF CALCASIEU LAKE,,3184911256,Active,,0,20,0,0,0,0,NO,NO,YES,NO,YES,NO,NO,NO,YES,YES,YES,NO,NO,YES,NO,NO,INLAND,MAN-MADE,NO
268,,GRAND ISLE BEACH AREA,,GRAND ISLE,,,51,JEFFERSON,22,LA,29.20332,-90.03667,SOUTH SIDE OF ISLE,,,Active,,0,25,0,0,0,25,NO,NO,YES,NO,YES,NO,NO,NO,NO,NO,NO,NO,NO,NO,NO,NO,OCEAN,BOTH,NO
269,,BOUDREAUX'S WATERFRONT MOTEL,24214 Hwy 1,LEEVILLE,70357,5326,57,LAFOURCHE,22,LA,29.25638,-90.21612,"HWY 1, ON RIGHT SIDE OF HWY",MR. BOUDREAUX,9853962215,Active,,5,6,0,0,1,30,NO,NO,YES,YES,NO,NO,NO,YES,NO,YES,YES,NO,NO,NO,NO,NO,NA,N/A,NO
270,,CYPREMORT POINT STATE PARK,,CYPREMORT POINT,,,101,ST. MARY,22,LA,29.71158,-91.87995,"SOUTH OF PUBLIC BOAT LAUNCH, OFF HWY 319",LOUIS GEERTS,3188674510,Retired,,6,100,0,0,0,0,NO,YES,YES,YES,YES,NO,NO,YES,YES,NO,YES,NO,NO,NO,NO,NO,INLAND,BOTH,NO
272,,I-10 BRIDGE LAUNCH,,LAKE CHARLES,,,19,CALCASIEU,22,LA,30.2375,-93.23882,"UNDER I-10 BRIDGE, EAST BANK, ON N LAKE RD.",Parish Police,3374913600,Active,,0,15,0,0,1,10,NO,NO,YES,NO,YES,NO,NO,NO,NO,NO,YES,NO,NO,YES,NO,NO,INLAND,BOTH,NO
274,,SERIGNE'S BOAT LAUNCH,5933 Delacroix Hwy (Hwy 300),DELACROIX,70085,4689,87,ST. BERNARD,22,LA,29.76458,-89.7918,"Take Hwy300 West. Marina is on left, 6.5 miles past Hwy 46 to Breton Sound",LIONEL and Jean Serigne,5042650007,Active,,0,150,0,0,1,75,NO,NO,YES,YES,YES,YES,NO,YES,YES,YES,NO,NO,NO,NO,YES,NO,NA,N/A,NO
275,,COURTHOUSE PIER,Hwy 90,GULFPORT,39507,,47,HARRISON,28,MS,30.37695,-89.04403,HWY 90 AT COURTHOUSE ROAD,,,Active,,0,30,0,0,2,49,NO,NO,YES,YES,YES,NO,NO,NO,NO,YES,NO,NO,NO,NO,NO,NO,INLAND,MAN-MADE,NO
276,,TITE'S PLACE,,SLIDELL,,,103,ST. TAMMANY,22,LA,30.21803,-89.82318,"HWY 11, ON N. SHORE OF BRIDGE NEXT TO COUSIN'S",LAWRENCE & IKE,5046494339,Retired,,0,0,0,0,0,0,NO,NO,NO,NO,NO,NO,NO,NO,NO,NO,NO,NO,YES,NO,NO,NO,NA,N/A,NO
276,,Colliseum Pier,Beach Blvd,Biloxi,39531,,47,HARRISON,28,MS,30.38833,-88.97333,South of Hwy 90 (Beach Blvd) across from the Coiliseum,,,Retired,,0,8,0,0,0,0,NO,NO,YES,YES,NO,NO,NO,NO,YES,YES,NO,NO,NO,NO,NO,NO,INLAND,MAN-MADE,NO
277,,END OF THE WORLD MARINA,,DELACROIX,,,87,ST. BERNARD,22,LA,29.75885,-89.78307,"END OF HWY 300, 1/2 MI PAST SERIGNE'S",JODY & KATHY LOVELL,5046843442,Retired,,0,0,0,0,0,0,NO,NO,NO,NO,NO,NO,NO,NO,NO,NO,NO,NO,YES,NO,NO,NO,NA,N/A,NO
287,,FISHERMAN'S PARADISE,,NEW ORLEANS,,,71,ORLEANS,22,LA,30.01667,-89.96667,"ON PARIS ROAD, BETW. EDDIES & BAYOU BIEN VENUE MRN.",,,Retired,,0,0,0,0,0,0,NO,NO,NO,NO,NO,NO,NO,NO,NO,NO,NO,NO,NO,NO,NO,NO,NA,N/A,NO
297,,LACOMBE BOAT RAMP,HWY 434,LACOMBE,,,103,ST. TAMMANY,22,LA,30.26853,-89.95588,HWY 434 AND LK. PONTCHARTRAIN 3 MI S. OF HWY 190,,,Active,,0,30,0,0,1,30,NO,NO,YES,NO,NO,NO,NO,NO,NO,NO,NO,NO,NO,NO,NO,NO,NA,N/A,NO
298,,HACKBERRY SHELL PILE AREA & BOAT RAMP,,HACKBERRY,,,23,CAMERON,22,LA,29.98763,-93.3375,"1/2 MILE E. OF HWY 27, N. ON CHANNEL VIEW DR.",,,Active,,0,5,2,0,1,10,NO,NO,YES,NO,YES,NO,NO,NO,NO,NO,NO,NO,NO,NO,NO,NO,NA,N/A,NO
299,,COCHIARAS MARINA,,LAFITTE,,,51,JEFFERSON,22,LA,29.69167,-90.09667,"HWY 45, MARINA IS BEFORE BRIDGE",JACKIE,5046893701,Active,,3,13,5,0,2,13,NO,NO,YES,YES,YES,NO,NO,YES,NO,NO,NO,NO,NO,NO,NO,NO,NA,N/A,NO
300,,MADISONVILLE RAMP,,MADISONVILLE,,,103,ST. TAMMANY,22,LA,30.37852,-90.1611,2 MI S. OF HWY 22 on HWY 1077 at LAKE PONTCHARTRAIN,,,Active,,0,50,0,0,2,50,NO,NO,YES,NO,NO,NO,NO,NO,YES,YES,NO,YES,NO,NO,NO,NO,NA,N/A,NO
301,,FISHERMAN'S LAUNCH,,DELACROIX,,,87,ST. BERNARD,22,LA,29.76497,-89.7918,"NEXT TO SERIGNE'S LAUNCH, HWY 300 CLOSED",,,Retired,,0,0,0,0,0,0,NO,NO,NO,NO,NO,NO,NO,NO,NO,NO,NO,NO,NO,NO,NO,NO,NA,N/A,NO
304,,PASS MANCHAC RAMP,HWY 51S,MANCHAC,,,105,TANGIPAHOA,22,LA,30.30768,-90.40587,HWY I-55 TO PASS MANCHAC EXIT-from ramp turn north 0.5 miles on HWY 51,,,Active,,0,100,0,0,2,100,NO,NO,YES,NO,NO,NO,NO,NO,YES,YES,NO,YES,NO,NO,NO,NO,NA,N/A,NO
305,,HEBERT'S LANDING,,GRAND LAKE,,,23,CAMERON,22,LA,30.02938,-93.27493,"HWY 384 S., take Hwy 1144, turn on Herbert Camp Rd. on Big Pasture Rd. at end",RUSSELL FAULK,3185982001,Active,,42,6,8,0,1,20,NO,NO,YES,NO,YES,NO,NO,NO,NO,NO,YES,NO,NO,NO,NO,NO,NA,N/A,NO
306,,SEABROOK LAUNCH & PIER,,NEW ORLEANS,,,71,ORLEANS,22,LA,30.03153,-90.03693,NEXT TO N.O. LAKEFRONT AIRPORT W. SIDE OF INDUSTRIAL CANAL,,,Active,,0,13,0,0,3,13,NO,NO,YES,NO,NO,NO,NO,NO,NO,NO,NO,NO,NO,NO,NO,NO,INLAND,BOTH,NO
307,,ISLE JEAN CHARLES RD,,POINTE AU CHENES,,,109,TERREBONNE,22,LA,29.42012,-90.47402,"ISLAND ROAD. GO WEST OFF HWY 665, 1/2 MILE FROM END",,,Active,,0,12,0,0,1,6,NO,NO,YES,NO,NO,NO,NO,NO,NO,NO,NO,NO,NO,NO,NO,NO,INLAND,MAN-MADE,NO
311,,CYPRESS COVE MARINA,,VENICE,,,75,PLAQUEMINES,22,LA,29.25065,-89.36165,"END OF COAST GUARD RD, OFF HWY 23",CAPT MIKE & BRANDY,5045349289,Active,,50,115,15,0,2,50,NO,YES,YES,YES,YES,YES,NO,YES,YES,NO,YES,YES,NO,YES,NO,NO,NA,N/A,YES
316,,SAND DOLLAR MARINA,,GRANDE ISLE,,,51,JEFFERSON,22,LA,29.26167,-89.96167,EAST END OF ISLAND; END OF HWY 1,MANAGER,5047872500,Active,,75,50,3,0,1,50,NO,YES,YES,YES,NO,YES,NO,YES,NO,YES,YES,YES,NO,YES,YES,NO,INLAND,MAN-MADE,YES
317,,MORAN'S MARINA,,PORT FOURCHON,,,57,LAFOURCHE,22,LA,29.15833,-90.17832,HWY 1 AND HWY 3090,CHRIS MORAN,5043962727,Active,,15,150,6,0,0,0,NO,NO,YES,YES,NO,YES,NO,YES,NO,YES,YES,YES,NO,YES,YES,NO,NA,N/A,YES
318,,REGGIO MARINA,,REGGIO,70085,,87,ST. BERNARD,22,LA,29.82345,-89.75608,"HWY 300, 1 MILE PAST HWY 46",MIKE TURGEAU,5046843750,Active,,0,60,0,0,2,30,NO,NO,YES,YES,YES,NO,NO,YES,NO,YES,NO,NO,NO,NO,NO,NO,NA,N/A,NO
319,,MANDEVILLE HARBOR,JACKSON STREET,MANDEVILLE,,,103,ST. TAMMANY,22,LA,30.34973,-90.05938,"INTERSECTION OF LAKE SHORE DR AND JACKSON STREET, NEXT TO MANDEVILLE YACHT CLUB",,,Active,,0,11,0,0,3,14,NO,NO,YES,NO,NO,NO,NO,NO,YES,YES,NO,NO,NO,NO,NO,NO,NA,N/A,NO
321,,DON'S LAUNCH,5515 W La Highway 688,HENRY,70533,6211,113,VERMILION,22,LA,29.87518,-92.0654,"HWY 90 W, LEFT HWY 14, LEFT HWY 330, LEFT HWY 331, RIGHT HWY 688, 1 MILE ON LEFT",DON,3189375070,Active,,20,50,0,0,1,50,NO,YES,YES,YES,YES,YES,NO,YES,NO,NO,NO,NO,NO,YES,YES,NO,NA,N/A,YES
322,,LAFITTE HARBOR,,LAFITTE,,,51,JEFFERSON,22,LA,29.65378,-90.10598,TAKE LEFT BEFORE C- WAY MARINA,KENNY OR AL,5046892013,Active,,58,25,3,0,2,25,NO,YES,YES,YES,YES,YES,NO,YES,NO,YES,YES,YES,NO,NO,YES,NO,NA,N/A,YES
323,,Port Fourchon Marina,,PORT FOURCHON,,,57,LAFOURCHE,22,LA,29.15332,-90.185,288 Flotation Road,MR. CHERAMIE,5043962792,Active,,56,175,8,0,1,175,NO,YES,YES,YES,NO,YES,NO,YES,NO,YES,YES,YES,NO,NO,YES,NO,NA,N/A,YES
324,,PORT OF IBERIA RAMP,,NEW IBERIA,,,45,IBERIA,22,LA,29.94323,-91.8349,LEWIS ST.S.OF HW 90 1 MILE E.OF AVERY ISLAND TURN OFF,,,Active,,0,15,0,0,2,15,NO,NO,YES,NO,YES,NO,NO,NO,NO,NO,NO,NO,NO,NO,NO,NO,NA,N/A,NO
325,,JUG'S SEAFOOD,3282 Bayou Dularge Rd.,DULARGE,70397,9746,109,TERREBONNE,22,LA,29.33647,-90.8418,"3382 BAYOU DULARGE RD., THERIOT, LA 70397",WESLEY (JUG) VAIL,9858761413,Active,,0,5,0,0,2,40,NO,NO,YES,NO,NO,YES,NO,YES,NO,NO,YES,NO,NO,YES,YES,NO,NA,N/A,YES
326,,BAYOU PATOUT,,WEEKS ISLAND,,,45,IBERIA,22,LA,29.83517,-91.78733,"OFF HGY 83,BETWEEN WEEKS & LOUISA BEFORE BRIDGE",,,Active,,0,30,0,0,2,30,NO,NO,YES,NO,YES,NO,NO,NO,NO,NO,NO,NO,NO,NO,NO,NO,NA,N/A,NO
328,,Top Water Marina,24015 Hwy 1,LEEVILLE,70357,5300,57,LAFOURCHE,22,LA,29.26667,-90.21833,"HWY 1, 1 MILE BEFORE LEEVILLE BRIDGE",Julie or Bubba Miller,9853964620,Active,,10,5,0,0,2,20,NO,YES,YES,YES,NO,YES,NO,YES,NO,YES,YES,NO,NO,NO,YES,NO,NA,N/A,YES
330,,SHARKEY'S BOAT LAUNCH,6343 Hwy 56,CHAUVIN,70344,2602,109,TERREBONNE,22,LA,29.38163,-90.62083,OFF HWY 56 3 MILES S. OF CHAUVIN,HARRIS GUIDRY,9855945865,Active,,3,6,0,0,2,18,NO,NO,YES,NO,NO,NO,NO,YES,NO,NO,NO,NO,NO,NO,NO,NO,NA,N/A,NO
331,,POINT BARRE RAMP,,MONTEGUT,,,109,TERREBONNE,22,LA,29.41862,-90.55443,"HWY 24 TO BOURG. THRU MONTEGUT, L ON PT. OF BARRE RD.AND GO TO END",BILL LEDBETTER,5045948970,Active,,0,1,0,0,1,1,NO,NO,YES,NO,YES,NO,NO,NO,NO,NO,NO,NO,NO,NO,NO,NO,NA,N/A,NO
332,,HARBOR LIGHT MARINA,8239 Hwy 56,COCODRIE,70344,2123,109,TERREBONNE,22,LA,29.2461,-90.66158,END OF HWY 56,Jules Ledet,9855944183,Active,,6,20,0,0,2,10,NO,NO,YES,YES,NO,NO,NO,YES,NO,YES,YES,YES,NO,YES,NO,NO,NA,N/A,NO
333,,FORT MACOMB,,NEW ORLEANS,,,71,ORLEANS,22,LA,30.06583,-89.80483,HWY 90 AND FORT MACOMB,,,Retired,,0,0,0,0,0,0,NO,NO,NO,NO,NO,NO,NO,NO,NO,NO,NO,NO,NO,NO,NO,NO,NA,,NO
340,,BAYOU BIENUENUE BOAT LAUNCH,,CHALMETTE,,,87,ST. BERNARD,22,LA,29.98163,-89.88997,APROX 1 MI AFTER BRIDGE INTO ST. BERNARD PARISH BEHIND PARADISE TRUCK STOP,JAMES DIXON,5042773755,Retired,,0,10,0,0,1,5,NO,NO,NO,NO,YES,NO,NO,NO,NO,NO,NO,NO,YES,NO,NO,NO,NA,BOTH,NO
341,,SEABREEZE MARINA,,MONTEGUT,70377,,109,TERREBONNE,22,LA,29.38152,-90.59453,THE END OF HWY 55 ACROSS BRIDGE,Courtney Nettelton,9857093017,Active,,0,4,0,0,1,20,NO,NO,YES,NO,NO,NO,NO,NO,NO,NO,NO,NO,NO,NO,NO,NO,NA,N/A,NO
524,,Oakridge Public Ramp,,GOLDEN MEADOW,70357,,57,LAFOURCHE,22,LA,29.3905,-90.2778,"Hwy 3235- Take Right at Sign, before Chicks Bait Shop",Joey Bouziga-Mayor,9856771252,Active,,0,6,0,0,3,50,NO,NO,YES,NO,NO,NO,NO,NO,NO,NO,NO,NO,NO,NO,NO,NO,NA,N/A,NO
1229,,CARIBE MARINA,28101 PERDIDO BEACH BLVD,ORANGE BEACH,36561,3225,3,BALDWIN,1,AL,30.2785,-87.55582,EAST SIDE OF PERDIDO PASS BRIDGE,,2519808410,Active,,40,250,8,1,0,0,NO,NO,YES,YES,NO,YES,NO,NO,YES,YES,YES,NO,NO,YES,YES,YES,NA,N/A,YES
1231,,HUDSON MARINA,,ORANGE BEACH,,,3,BALDWIN,1,AL,30.2919,-87.55912,EAST ON HWY 180 1.4 MI. PAST HWY 161 (WILSON BLVD.),JACK MURPHY,2519814127,Active,,0,0,1,2,0,0,NO,NO,YES,YES,NO,NO,NO,NO,NO,NO,NO,NO,NO,YES,NO,YES,NA,N/A,NO
1255,,LAGOON PASS,1660 WEST BEACH BLVD,GULF SHORES,36542,6100,3,BALDWIN,1,AL,30.24187,-87.73723,"AT CALLOWAY BRIDGE ON HWY 182, 2 MI W OF HWY 59",,,Active,,0,40,0,0,0,0,NO,NO,YES,NO,YES,NO,NO,NO,YES,YES,NO,NO,NO,NO,NO,NO,BOTH,BOTH,NO
1256,,LAGOON PARK LAUNCH,18068 HWY 180,GULF SHORES,36542,4102,3,BALDWIN,1,AL,30.25508,-87.71587,2 MI W OF HWY 59 ON HWY 180,,,Active,,0,28,0,0,2,24,NO,NO,YES,NO,NO,NO,NO,NO,YES,YES,NO,NO,NO,NO,NO,NO,NA,N/A,NO
1309,,JOES LANDING,,LAFITTE,,,51,JEFFERSON,22,LA,29.68542,-90.10132,"HWY 45 INTO LAFITTE, TRN R.AT TOWN HALL, CROSS BRIDGETRN L. GO 4 MLS FOLLOWING SIGNS",JOE OR SYDNEY,5046894304,Active,,0,60,10,0,2,60,NO,YES,YES,YES,YES,YES,NO,YES,NO,YES,NO,YES,NO,NO,YES,NO,NA,N/A,YES
1330,,EAST PERDIDO PASS BEACHES (FLORIDA POINT),.3 MILES EAST OF PERDIDO PASS BRIDGE,ORANGE BEACH,36561,,3,BALDWIN,1,AL,30.27705,-87.55093,HWY 182 AT PERDIDO PASS - GS PARK EAST SIDE OF BRIDGE,,,Active,,0,100,0,0,0,0,NO,NO,YES,NO,YES,NO,NO,NO,NO,YES,NO,NO,NO,NO,NO,NO,BOTH,BEACH/BANK,NO
1331,,EAST END JETTIES,,DAUPHIN ISLAND,,,97,MOBILE,1,AL,30.24635,-88.07602,"EAST END OF BIENVILLE BLVD., ADJACENT TO FT. GAINES",,,Active,,0,40,0,0,0,0,NO,NO,YES,NO,NO,NO,NO,NO,NO,NO,NO,NO,NO,NO,NO,NO,BOTH,BOTH,NO
1332,,BAYOU LA BATRE RAMP,14772 STATE DOCK RD,BAYOU LA BATRE,36509,,97,MOBILE,1,AL,30.38232,-88.26822,END OF SHELL BELT RD. AT MOUTH OF B. LA BATRE CHANNEL,,,Active,,0,100,0,0,1,50,NO,NO,YES,NO,NO,NO,NO,NO,NO,NO,NO,NO,NO,NO,NO,NO,NA,N/A,NO
1333,,FORT MORGAN BEACHES (MOBILE PT.),51 HWY 180 WEST,GULF SHORES,36542,8000,3,BALDWIN,1,AL,30.22982,-88.023,BEACHES WEST OF FT. MORGAN DOWN TO SOUTH SIDE OF POINT,,,Active,,0,42,0,0,0,0,NO,NO,YES,NO,NO,NO,NO,YES,NO,NO,NO,NO,NO,NO,NO,NO,OCEAN,BEACH/BANK,NO
1334,,BASON'S MARINA,542 W. 107th St.,CUT OFF,70345,3561,57,LAFOURCHE,22,LA,29.47005,-90.34225,"542 W. 107TH STREET, 2 LANES S. OF PIZZA HUT ON LA 1 RT ON RD BY EXXON OVER LEVEE",LUREY TERREBONNE,9856325512,Active,,4,50,0,0,1,25,NO,NO,NO,NO,NO,NO,NO,YES,NO,YES,NO,NO,NO,NO,YES,NO,INLAND,N/A,NO
1335,,"MONTEGUT MARINA, LLC",2120 Hwy 55,MONTEGUT,70377,3112,109,TERREBONNE,22,LA,29.39492,-90.58737,"2250 HWY. 55, 1/2 MILE N. OF INTERSECTION HURRICANE PROTECTION LEVEE AND HWY. 55",Roland Pitre,9855943380,Active,,0,6,0,0,1,10,NO,NO,YES,NO,NO,NO,NO,YES,NO,YES,NO,NO,NO,NO,YES,NO,NA,N/A,YES
1336,,LAFITTE PUBLIC FISHING PIER,,LAFITTE,,,51,JEFFERSON,22,LA,29.66693,-90.11015,"HWY 45, MARRERO ST., JUST BELOW JUNCTION OF 2ND ST. -APX. 3 MILES N OF C-WAY MARINA",,,Active,,0,18,0,0,0,0,NO,NO,YES,NO,NO,NO,NO,NO,NO,YES,NO,NO,NO,NO,NO,NO,INLAND,MAN-MADE,NO
1337,,MELERINE'S LAUNCH (MACK'S PLACE),,DELACROIX,,,87,ST. BERNARD,22,LA,29.7681,-89.7905,"5616 DELACROIX HWY, ON LA HWY 300 APX. 7M FROM LA46 JUNCTION, 1ST HOIST IN DELACROIX",RUDY MELERINE,5046843316,Retired,,0,0,0,0,0,0,NO,NO,NO,NO,NO,NO,NO,NO,NO,NO,NO,NO,NO,NO,NO,NO,NA,N/A,NO
1368,,AVERY ISLAND PUBLIC LAUNCH,,AVERY ISLAND,,,45,IBERIA,22,LA,29.91527,-91.90402,"US HWY 90 NEAR NEW IBERIA, SOUTH ON LA HWY 329, 7 MILES AT AVERY ISLAND ON RIGHT",,,Active,,0,10,0,0,1,10,NO,NO,YES,NO,YES,NO,NO,NO,NO,NO,NO,NO,NO,NO,NO,NO,NA,N/A,NO
1369,,RIVERSIDE MARINA,,BURAS,,,75,PLAQUEMINES,22,LA,29.35612,-89.52233,126 BLAIZE DR.,LLOYD,5047842937,Active,,0,10,10,0,1,10,NO,NO,NO,NO,YES,NO,NO,YES,NO,NO,NO,NO,NO,NO,NO,NO,NA,N/A,NO
1452,,SUNSHINE ACRES MARINA,,DULAC,70353,,109,TERREBONNE,22,LA,29.31452,-90.7142,4.5 MILES DOWN FOUR-PT. ROAD BELOW HWY 57,,,Active,,0,5,0,0,1,30,NO,NO,YES,NO,NO,NO,NO,YES,NO,NO,NO,NO,NO,NO,NO,NO,NA,N/A,NO
1453,,HOPEDALE MARINA & CONVENIENCE STORE,,HOPEDALE,,,87,ST. BERNARD,22,LA,29.8206,-89.65825,4618 HOPEDALE HWY; 1.5 MILES FROM BAYOU LALOUTRE BRIDGE (CLOSED),NOLAN COUTURE,5046761244,Retired,,0,0,0,0,0,0,NO,NO,NO,NO,NO,NO,NO,NO,NO,NO,NO,NO,NO,NO,NO,NO,NA,,NO
1467,,FRESHWATER CITY PUBLIC LAUNCH,,FRESHWATER CITY,,,113,VERMILION,22,LA,29.55087,-92.30912,"OFF HWY 82, NEAR END OF HWY 3147",,,Active,,0,6,0,0,1,6,NO,NO,YES,NO,YES,NO,NO,NO,NO,NO,NO,NO,NO,NO,NO,NO,NA,N/A,NO
1471,,Southshore Bait and Marina,,NEW ORLEANS,70129,,71,ORLEANS,22,LA,30.06515,-89.80638,"HWY 90 GOING EAST FROM NEW ORLEANS, TAKE A RIGHT JUST BEFORE CHEF MENTEUR BRIDGE",Steve Hauptmann,5047230575,Active,,0,10,0,0,2,10,NO,NO,YES,NO,NO,NO,NO,YES,NO,NO,NO,NO,NO,NO,YES,NO,NA,N/A,NO
1472,,VENETIAN ISLES MARINA,,NEW ORLEANS,,,71,ORLEANS,22,LA,30.06922,-89.81008,LEFT OFF HWY. 90 EAST BEFORE CHEF MENTUER  BRIDGE (COMING FROM N.O.) AND FOLLOW FT. MACOMB ROAD TO BURTON ROAD,LAURA (CLOSED),5042549998,Retired,,0,0,0,0,0,0,NO,NO,NO,NO,NO,NO,NO,NO,NO,NO,NO,NO,NO,NO,NO,NO,NA,MAN-MADE,NO
1474,,SANROC CAY MARINA,27267 PERDIDO BEACH BLVD,ORANGE BEACH,36561,8213,3,BALDWIN,1,AL,30.27648,-87.56052,27267 HWY 180 1/2 MILE WEST OF PERDIDO PASS,JUDY TATUM,2519817263,Active,,66,0,15,2,0,0,NO,YES,YES,YES,NO,YES,NO,NO,YES,YES,YES,NO,NO,YES,YES,YES,NA,N/A,NO
1476,,WEST COVE CANAL,,HACKBERRY,,,23,CAMERON,22,LA,29.86633,-93.45317,APPROXIMATELY 5 MILES SOUTH OF SABINE REFUGE HEADQUARTERS,,,Active,,0,15,0,0,3,30,NO,NO,YES,NO,YES,NO,NO,NO,NO,NO,NO,NO,NO,NO,NO,NO,INLAND,BOTH,NO
1526,,McInnis Bayou,Hemlock Avenue,Moss Point,39563,,59,JACKSON,28,MS,30.4,-88.55,"HWY90 TO PASCAGOULA, N. TO HEMLOCK, W. TO MARINA",,,Active,,0,10,0,0,2,10,NO,NO,YES,NO,NO,NO,NO,NO,NO,NO,NO,NO,NO,NO,NO,NO,NA,N/A,NO
1528,,GRAVELINE,Octavia St.,ST. ANDREWS,39564,,59,JACKSON,28,MS,30.36278,-88.69468,"HWY90 TO HWY57,S. TO OLD SPANISH TRAIL, W. TO HAMILL",,,Active,,0,5,0,0,1,15,NO,NO,YES,YES,YES,NO,NO,NO,YES,YES,NO,NO,NO,NO,NO,NO,INLAND,MAN-MADE,NO
1535,,SPICER'S BAIT AND TACKLE,,HACKBERRY,,,23,CAMERON,22,LA,30.00367,-93.34167,JUST SOUTH AND EAST OF HWY 27 BRIDGE OVER BLACK LAKE BAYOU (AKA KELSO BAYOU),MARSHALL SPICER,3187623170,Active,,51,8,10,0,2,18,NO,NO,YES,YES,YES,YES,NO,NO,NO,NO,YES,NO,NO,NO,YES,NO,INLAND,BOTH,YES
1629,,GULF STREAM MARINA,,GRAND ISLE,,,51,JEFFERSON,22,LA,29.21,-90.03333,ON LEFT SIDE OF HWY 1 PAST MY FAVORITE MARINA ACROSS FROM GULF STREAM APTS,JOYCE & JOE ARNONA,5047873566,Retired,,52,125,0,0,1,125,NO,YES,YES,YES,NO,YES,NO,YES,NO,YES,NO,NO,NO,YES,YES,NO,NA,N/A,YES
1685,,Trade Winds Marina & Lodging,7681 Hwy 56,Chauvin,70344,2201,109,TERREBONNE,22,LA,29.27888,-90.64362,"7681 HWY 56, COCODRIE, LA; ABOUT 3 MILES N LUMCON",Schouest,9854663838,Active,,6,6,0,0,1,8,NO,NO,YES,YES,NO,YES,NO,YES,NO,YES,YES,YES,NO,YES,YES,NO,NA,N/A,YES
1686,,CANAL PARK BOAT LAUNCH,200 EAST 24TH AVE,GULF SHORES,36542,3146,3,BALDWIN,1,AL,30.27878,-87.687,UNDER HWY 59 BRIDGE ON SOUTH SIDE OF INTRACOASTAL WATERWAY,,,Active,,0,9,0,0,1,34,NO,NO,YES,NO,NO,NO,NO,NO,NO,YES,NO,NO,NO,NO,NO,NO,NA,N/A,NO
1691,,CHOCALOTTA RAMP,3101 BATTLESHIP PKWY,SPANISH FORT,36527,,3,BALDWIN,1,AL,30.67937,-87.99258,"ON CAUSEWAY, W. OF I-10 AT I-10 AND CAUSEWAY CROSSING",,,Active,,0,50,0,0,4,55,NO,NO,YES,NO,YES,NO,NO,NO,NO,NO,NO,NO,NO,NO,NO,NO,NA,N/A,NO
1692,,BATTLESHIP PARK PIER,2703 BATTLESHIP PKWY,MOBILE,36601,,97,MOBILE,1,AL,30.6833,-88.01302,INSIDE BATTLESHIP PARK / MOUTH OF TENSAW RIVER,,2514332703,Active,,0,100,0,0,0,0,NO,NO,YES,NO,NO,NO,NO,YES,NO,NO,NO,NO,NO,YES,NO,NO,INLAND,MAN-MADE,NO
1693,,YELLOW COTTON MARINA,,YELLOW COTTON,,,75,PLAQUEMINES,22,LA,29.31315,-89.389,2 MILES S. OF BOOTHVILLE AND 2.25 MILES N. OF VENICE OFF HIGHWAY 23,,,Active,,0,8,0,0,2,8,NO,NO,YES,NO,YES,NO,NO,YES,NO,YES,NO,NO,NO,NO,NO,NO,NA,N/A,NO
1747,,FALGOUT CANAL ROAD,,DULAC,,,109,TERREBONNE,22,LA,29.38457,-90.72903,RIGHT ONTO FALGOUT CANAL ROAD BRIDGE SOUTH OF DULAC WATER TOWER,,,Active,,0,200,0,0,0,0,NO,NO,YES,NO,NO,NO,NO,NO,NO,NO,NO,NO,NO,NO,NO,NO,INLAND,BEACH/BANK,NO
1798,,BAPTISTE COLLETTE MARINA,,VENICE,,,75,PLAQUEMINES,22,LA,29.28483,-89.36062,"42511 HWY 23, ACROSS FROM BARNEY'S BAIT AND SEAFOOD",EMMETT,9855342628,Retired,,0,0,0,0,0,0,NO,NO,NO,NO,NO,NO,NO,NO,NO,NO,NO,NO,YES,NO,NO,NO,NA,N/A,NO
1844,,STEVE TOMENY'S CHARTERS,,GOLDEN MEADOW,,,57,LAFOURCHE,22,LA,29.15167,-90.18163,"S. ON HWY 1 TURN ONTO HWY 3090, RIGHT ON FLOATATION ROAD. BEHIND HARBOR PATROL",STEVE TOMENY,9853962613,Retired,,0,4,2,0,0,0,NO,NO,YES,NO,YES,NO,NO,NO,NO,NO,NO,NO,NO,NO,NO,NO,NA,N/A,NO
1942,,PELICAN PUB MARINA,1102 DESOTO AVE,DAUPHIN ISLAND,36582,,97,MOBILE,1,AL,30.25797,-88.11415,1102 DESOTO AVENUE,RICK REYNOLDS,2518617180,Retired,,0,20,0,0,0,0,NO,YES,NO,YES,NO,YES,NO,NO,NO,NO,NO,NO,NO,YES,NO,NO,NA,N/A,NO
1943,,DEEP BAYOU LANDING (JOHNSON BAYOU),,JOHNSON BAYOU,,,23,CAMERON,22,LA,29.79055,-93.75007,HWY 82 FROM JOHNSON BAYOU TURN N. ON DEEP BAYOU LNDG RD 3.5M ON LEFT,,,Active,,0,4,4,0,2,4,NO,NO,YES,NO,YES,NO,NO,NO,NO,NO,NO,NO,NO,NO,NO,NO,NA,N/A,NO
1984,,FAIRFAX FOSTER BAILEY BOAT LAUNCH,,FRANKLIN,,,101,ST. MARY,22,LA,29.78385,-91.5233,"FRANKLIN EX 3211 OFF 90, 1/4 MI. TO STOP @ CHATWORT RT TO WILLOW ST, RT.SERVICE RD",,,Active,,0,50,0,0,4,50,NO,NO,YES,NO,YES,NO,NO,NO,NO,NO,NO,NO,NO,NO,NO,NO,NA,N/A,NO
3045,,COULON'S,,EMPIRE,,,75,PLAQUEMINES,22,LA,29.37598,-89.59557,"ON SOUTH BANK OF EMPIRE CANAL, 1ST ROAD SOUTH OF OLD HWY 23 BRIDGE",JOHN F. COULON,9856577687,Active,,0,0,0,0,0,0,NO,NO,YES,NO,NO,NO,YES,NO,NO,NO,NO,NO,NO,NO,NO,NO,NA,N/A,NO
3047,,CALCASIEU POINT,3955 HENRY PUGH BLVD.,LAKE CHARLES,70605,374,19,CALCASIEU,22,LA,30.10303,-93.30768,3955 HENRY PUGH BLVD.,ELAINE HUK,3374791536,Active,,0,15,0,0,1,30,NO,NO,YES,YES,YES,NO,NO,NO,YES,YES,NO,YES,NO,NO,YES,NO,INLAND,MAN-MADE,NO
3102,,WINE ISLAND PASS MARINA,8179 Redfish St.,COCODRIE,70344,2105,109,TERREBONNE,22,LA,29.24918,-90.66015,"0.1 MI N OF INTERSECTION OF SHRIMP & REDFISH ST. IN COCODRIE,ACROSS FM COCO MARINA",MR OR MRS THERIOT,9855944309,Active,,0,2,0,0,1,14,NO,NO,YES,NO,NO,NO,NO,YES,NO,NO,NO,NO,NO,NO,NO,NO,NA,N/A,NO
3141,,GRAND BAYOU UNIT PUBLIC LAUNCH,2951 Hwy 665,POINT AU CHENES,70377,2350,57,LAFOURCHE,22,LA,29.45215,-90.46628,"OFF HIGHWAY 665, JUST SOUTH OF THE PACWMA HEADQUARTERS",Mark Castile- WMA Manager,9855945494,Active,,0,226,0,0,4,113,NO,NO,YES,NO,NO,NO,NO,NO,NO,YES,NO,NO,NO,NO,NO,NO,INLAND,MAN-MADE,NO
3142,,BOUDREAUX CANAL,,CHAUVIN,,,109,TERREBONNE,22,LA,29.38678,-90.61953,"OFF HIGHWAY 56, 3 MILES SOUTH OF CHAUVIN",None,,Active,,0,20,0,0,0,0,NO,NO,YES,NO,NO,NO,NO,NO,NO,NO,NO,NO,NO,NO,NO,NO,INLAND,MAN-MADE,NO
3198,,ROMAR HARBOR MARINA,26350 COTTON BAYOU DRIVE,ORANGE BEACH,36561,3513,3,BALDWIN,1,AL,30.27682,-87.57488,"HEAD NORTH ON 161, TURN RIGHT JUST AFTER THE TIP OF COTTON BAYOU MEETS THE ROAD",GENE THETFORD (MGR),2519819771,Active,,25,25,6,0,0,0,YES,YES,YES,YES,NO,YES,NO,NO,NO,NO,NO,NO,NO,NO,YES,YES,NA,N/A,NO
3244,,TOPWATER CHARTERS,7725 Hwy 56,COCODRIE,70344,2203,109,TERREBONNE,22,LA,29.27572,-90.6444,.3 MILES SOUTH OF BAYOU BAIT AND TACKLE,B MICHEL/J PELLEGR,9855949074,Active,,6,6,6,0,1,6,NO,NO,YES,YES,NO,NO,NO,YES,NO,YES,YES,NO,NO,NO,NO,NO,NA,N/A,NO
3250,,GULFPORT LAKE,Rippy Road,GULFPORT,39503,,47,HARRISON,28,MS,30.42417,-89.0605,OFF WASHINGTON AVE NEAR TRAMARK GOLF COURSE,,,Active,,0,30,0,0,3,30,NO,NO,YES,NO,NO,NO,NO,NO,NO,NO,NO,NO,NO,NO,NO,NO,INLAND,MAN-MADE,NO
3299,,DEER RIVER BAIT & TACKLE,7560 DEER RIVER RD,THEODORE,36582,9316,97,MOBILE,1,AL,30.53235,-88.10457,7560 DEER RIVER ROAD,JIMMY NOEL,2513670528,Active,,0,40,0,0,1,40,NO,NO,YES,NO,NO,NO,NO,YES,NO,NO,NO,NO,NO,NO,YES,NO,NA,N/A,YES
3325,,SUNSET POINT PUBLIC FISHING PIER,,MANDEVILLE,,,103,ST. TAMMANY,22,LA,30.3614,-90.08852,FROM CAUSEWAY APPROACH TAKE MASSENA ST SOUTH TO DEAD END AT SUNSET POINT PARK,,,Active,,0,15,0,0,0,0,NO,NO,YES,YES,NO,NO,NO,NO,YES,YES,NO,NO,NO,NO,NO,NO,INLAND,BOTH,NO
3335,,DULAC FOOD STORE,8102 Grand Caillou Rd.,DULAC,70353,2006,109,TERREBONNE,22,LA,29.376,-90.71313,8102 GRAND CAILLOU ROAD,NANG NGUYEN,9855632463,Active,,0,10,0,0,1,25,NO,NO,YES,NO,NO,NO,NO,YES,NO,YES,NO,NO,NO,NO,NO,NO,NA,N/A,YES
3347,,MAY DAY PARK,202 COLLEGE AVE,DAPHNE,36523,,3,BALDWIN,1,AL,30.59955,-87.91402,"OFF SCENIC 98, AT THE END OF COLLEGE AVE IN DAPHNE",,,Retired,,0,20,0,0,0,13,NO,NO,YES,NO,NO,NO,NO,NO,YES,NO,NO,NO,NO,NO,NO,NO,INLAND,MAN-MADE,NO
3348,,PIER STREET LAUNCH,1 PIER AVE,FAIRHOPE,36532,1210,3,BALDWIN,1,AL,30.51783,-87.91587,.25 MILES S OF FAIRHOPE PIER BAYSHORE DRIVE SOUTH,,,Active,,0,3,0,0,2,8,NO,NO,YES,NO,NO,NO,NO,NO,NO,YES,NO,NO,NO,NO,NO,NO,NA,N/A,NO
3349,,ORANGE BEACH WATERFRONT PARK,26425 CANAL RD,ORANGE BEACH,36561,,3,BALDWIN,1,AL,30.29468,-87.57517,"CANAL DRIVE EAST OF 161, JUST EAST OF OF LIBRARY",,,Active,,0,34,0,0,0,0,NO,NO,YES,NO,NO,NO,NO,NO,NO,YES,NO,NO,NO,NO,NO,NO,INLAND,BOTH,NO
3359,,BAYOU SEGNETTE STATE PARK,,WESTWEGO,,,51,JEFFERSON,22,LA,29.89633,-90.15833,7777 WESTBANK EXPRESSWAY-8 MILES WEST OF GNO BRIDGE ON LEFT,,5047367140,Active,,0,20,0,0,6,80,NO,NO,YES,YES,YES,NO,NO,YES,NO,NO,YES,YES,NO,NO,NO,NO,NA,N/A,NO
3364,,BOB'S BAYOU BLACK MARINA,251 Marina Dr.,GIBSON,70356,3444,109,TERREBONNE,22,LA,29.63082,-90.94465,USHWY 183W;EXIT 189 TO LA20;SLIGHT LEFT @LA20E TO BAYOU BLACK DR;RIGHT AT MARINA DR.,BOBBY OR LORRAINE,9855752315,Active,,0,10,0,0,4,200,NO,NO,YES,NO,NO,YES,NO,YES,NO,YES,NO,YES,NO,YES,YES,NO,NA,N/A,YES
3365,,TACKY JACK'S CHARTERS,27206 SAFE HARBOR DR,ORANGE BEACH,36561,5502,3,BALDWIN,1,AL,30.28097,-87.561,"JUST OFF MARINA ROAD, BLUE-ROOF BUILDING",TINA DOVE,2519814202,Retired,,20,50,0,0,0,0,NO,YES,YES,NO,NO,YES,NO,NO,NO,YES,NO,NO,NO,YES,NO,NO,NA,N/A,NO
3368,,DAVIS SEAFOOD,,HACKBERRY,,,23,CAMERON,22,LA,30.00567,-93.33417,LEFT OFF HWY 27 ONTO PETE SEAY CIRCLE; RIGHT ON ALPHONSE LANE; 195 ALPHONSE LANE,DANNY DAVIS,3375152791,Active,,0,4,0,0,1,4,NO,NO,YES,NO,YES,NO,NO,NO,NO,NO,NO,NO,NO,NO,NO,NO,NA,N/A,NO
3390,,DAUPHIN ISLAND PUBLIC BEACHES,109 BIENVILLE BLVD,DAUPHIN ISLAND,36528,4603,97,MOBILE,1,AL,30.2429,-88.12277,"BIENVILLE BLVD, GULF SIDE ACCESS AT OLD PIER PARKING LOT",,,Active,,0,50,0,0,0,0,NO,NO,YES,NO,NO,NO,NO,NO,NO,NO,NO,NO,NO,NO,NO,NO,OCEAN,BEACH/BANK,NO
3398,,THE DOCK,118A HARBORVIEW CT,SLIDELL,70458,5906,103,ST. TAMMANY,22,LA,30.21695,-89.79857,E ON LAKEVIEW DR.(RAT'S NEST RD) FROM HWY 11; NORTH ON HARBOR VIEW,CHAZ CHAMPAGNE,9857072105,Active,,0,10,6,0,1,25,NO,YES,YES,YES,NO,YES,NO,YES,NO,NO,NO,YES,NO,YES,YES,NO,NA,N/A,YES
3406,,SWEETWATER LODGE,6205 DELACROIX HWY,DELACROIX,70085,4695,87,ST. BERNARD,22,LA,29.76153,-89.7905,Take Hwy 300 East/South to Delacroix;Marina is 6.8 miles past Hwy 46,JACK AND CINDY PAYNE,5043422368,Active,,0,90,1,0,1,45,NO,YES,YES,YES,YES,YES,NO,YES,YES,YES,NO,YES,NO,NO,YES,NO,NA,N/A,YES
3410,,JESSE'S TROUT LODGE,18725 PINE ACRES ROAD,GULF SHORES,36542,2501,3,BALDWIN,1,AL,30.32698,-87.70565,18725 PINE ACRES RD,ROSS/KAREN WHITWORTH,2517521482,Retired,,0,0,0,0,0,0,NO,NO,YES,NO,NO,NO,NO,NO,NO,NO,NO,NO,NO,NO,NO,NO,NA,N/A,NO
3411,,THE PINES,7950 HWY 180 WEST,GULF SHORES,36542,,3,BALDWIN,1,AL,30.239,-87.88982,JUST EAST OF LITTLE POINT CLEAR BAY SIDE OF FT MORGAN ROAD,,,Active,,0,5,0,0,1,5,NO,NO,YES,NO,NO,NO,NO,NO,NO,NO,NO,NO,NO,NO,NO,NO,NA,N/A,NO
3432,,HELEN WOOD PARK,4725 Dauphin Island Parkway,THEODORE,36605,,97,MOBILE,1,AL,30.56968,-88.08552,ACROSS FROM HOPPES,,,Retired,,0,60,0,0,0,0,NO,NO,YES,NO,NO,NO,NO,NO,NO,YES,NO,NO,NO,NO,NO,NO,INLAND,BOTH,NO
3433,,SCOTT'S LANDING,5901 BATTLESHIP PKWY,SPANISH FORT,36527,9311,3,BALDWIN,1,AL,30.66788,-87.92277,ON CAUSEWAY JUST ACROSS FROM MEAHER PARK ON BLAKELY RIVER,,2516265323,Active,,0,4,0,0,1,35,NO,NO,YES,NO,YES,NO,NO,YES,NO,YES,NO,NO,NO,NO,YES,NO,NA,N/A,YES
3458,,NORTHLINE,,HACKBERRY,,,23,CAMERON,22,LA,29.9209,-93.3813,HWY 27 SOUTH OF HACKBERRY,,,Active,,0,15,0,0,1,4,NO,NO,YES,NO,YES,NO,NO,NO,NO,NO,NO,NO,NO,NO,NO,NO,INLAND,BOTH,NO
3464,,ISLE DE JEAN CHARLES MARINA,571 Island Rd.,MONTEGUT,70377,2423,109,TERREBONNE,22,LA,29.38828,-90.48287,"HWY 665, RIGHT ON ISLAND RD, MARINA IS BEFORE END OF ISLAND RD ON LEFT",THEO CHAISSON,9855948232,Active,,0,5,0,0,1,20,NO,NO,YES,YES,NO,NO,NO,YES,NO,NO,NO,NO,NO,NO,YES,NO,NA,N/A,YES
3475,,LILLIAN BOAT LAUNCH AND PARK,12408 7TH STREET,LILLIAN,36549,4033,3,BALDWIN,1,AL,30.40612,-87.43727,,,,Active,,0,50,0,0,2,50,NO,NO,YES,NO,YES,NO,NO,NO,NO,YES,NO,NO,NO,NO,NO,NO,INLAND,MAN-MADE,NO
3476,,GS PARK BEACH PAVILION,HWY 182,GULF SHORES,36542,,3,BALDWIN,1,AL,30.25548,-87.64412,"APPX 1 MILE EAST OF GS PIER, 6 MILES EAST OF HWY 59 ON HWY 182",,,Active,,0,421,0,0,0,0,NO,NO,YES,NO,NO,NO,NO,YES,NO,YES,NO,NO,NO,NO,NO,NO,OCEAN,BEACH/BANK,NO
3477,,ROMAR BEACH ACCESS,HWY 182,GULF SHORES,36542,,3,BALDWIN,1,AL,30.26297,-87.60757,7 MILES EAST OF HWY 59 ON 182,,,Active,,0,36,0,0,0,0,NO,NO,YES,NO,NO,NO,NO,NO,NO,NO,NO,NO,NO,NO,NO,NO,OCEAN,BEACH/BANK,NO
3478,,DAPHNE BAYFRONT PARK,6200 BAYFRONT DRIVE,DAPHNE,36526,,3,BALDWIN,1,AL,30.63077,-87.91852,"BEHIND PUBLIX, PAST MOE'S BBQ",,,Active,,0,25,0,0,0,0,NO,NO,YES,NO,NO,NO,NO,NO,NO,YES,NO,NO,NO,NO,NO,NO,INLAND,MAN-MADE,NO
3486,,Bayou Log Cabins,232 West Kass Lane,Lake Hermitage,70083,2214,75,PLAQUEMINES,22,LA,29.55865,-89.88458,"Approximately 1.5 miles past Myrtle Grove Marina heading south on Hwy 23, turn right onto Hermitage Rd and follow to end (Kass Ln.)",Clay Boudreaux,5049128901,Active,,5,20,1,0,1,10,NO,YES,YES,NO,YES,NO,NO,YES,NO,YES,YES,NO,NO,NO,NO,NO,NA,N/A,NO
3487,,Burned-Out Bridge Launch,End of Old Highway 90,Vinton,70668,,19,CALCASIEU,22,LA,30.10255,-93.69327,"Take Exit 4 off I-10, Turn Left onto Toomey Road, Turn Right onto Frontage Road, Follow Frontage to Old Highway 90.  Follow 90 until end of road",N/A,,Active,,0,2,0,0,1,8,NO,NO,YES,NO,YES,NO,NO,NO,NO,NO,NO,NO,NO,NO,NO,NO,NA,N/A,NO
3488,,ARLINGTON PARK,15TH AVE,MOBILE,36615,,97,MOBILE,1,AL,30.63965,-88.06158,"FROM I-10, GO SOUTH ON BROAD STREET, TURN LEFT ON 15TH, NEXT TO COAST GUARD BASE",,,Active,,0,100,0,0,0,0,NO,NO,YES,NO,YES,NO,NO,NO,YES,NO,NO,NO,NO,NO,NO,NO,INLAND,BOTH,NO
3504,,St. Tammany Fishing Pier,54001 E. Howze Beach Rd.,Slidell,70461,4673,103,ST. TAMMANY,22,LA,30.21108,-89.79342,"from I-10 exit 261, turn east on Oak Harbor Blvd, then right onto South Lake Dr., then right onto E. Howze Beach; follow signs to pier",St. Tammany Parish Government,,Active,,0,50,0,0,0,0,NO,NO,YES,YES,NO,NO,NO,YES,YES,YES,NO,NO,NO,NO,NO,NO,INLAND,MAN-MADE,NO
3511,,Gotta Fish Boat Launch,1426 Hwy 55,Montegut,70377,3209,109,TERREBONNE,22,LA,29.457,-90.563,1.5 miles south from Montegut Elementary School on Baouside (right) and before Point Barre site.,Liz Gaubert,9852320758,Active,,0,0,0,0,1,8,NO,NO,YES,NO,NO,NO,NO,YES,NO,NO,NO,NO,YES,NO,YES,NO,NA,N/A,NO
3987,,Gautier City Park,Pointe Bayou Road,Gautier,39553,,59,JACKSON,28,MS,30.39132,-88.62407,Take De La Pointe Dr. from Hwy 90.  Look for Gautier City Park sign.  North side of De La Pointe Dr.,,,Active,,0,5,0,0,2,11,NO,NO,YES,NO,YES,NO,NO,NO,NO,YES,NO,NO,NO,NO,NO,NO,INLAND,MAN-MADE,NO
3988,,Pascagoula Lighthouse Park,Frederic Street,Pascagoula ,39567,,59,JACKSON,28,MS,30.37128,-88.56037,"Turn South to Pascagoula St. (becomes Frederic St.)  Location Ahead under Hwy 90, Southside.",,,Active,,0,21,0,0,2,40,NO,NO,YES,YES,NO,NO,NO,NO,NO,YES,NO,NO,NO,NO,NO,NO,INLAND,BOTH,NO
4003,,Saltwater Barrier,Mims Rd.,Westlake,,,19,CALCASIEU,22,LA,30.2543,-93.21803,"From I-10 Exit 27 cross I-10 Service Road/Sampson St. to Perkins St.  Take First Left onto Miller Ave, follow Miller then take right onto Mims Rd.  Follow Mims until end",Charles Hebert (Corps of Engineers),3374331187,Active,,0,6,0,0,1,14,NO,NO,YES,NO,NO,NO,NO,NO,NO,NO,NO,NO,NO,NO,NO,NO,NA,N/A,NO
4004,,Westlake Riverside Park,1700 Miller Ave.,Westlake,70669,3524,19,CALCASIEU,22,LA,30.25288,-93.24498,"From I-10 Exit 27- Take LA 379 East to Miller Ave, Left on Miller, Continue on road Park will be on right",Parish Facilities,3377213540,Active,,0,8,0,0,1,3,NO,NO,YES,NO,YES,NO,NO,NO,NO,NO,NO,NO,NO,NO,NO,NO,INLAND,BEACH/BANK,NO
4026,,Choupique Bayou,Chilly Westlund Rd,Carlyss,,,19,CALCASIEU,22,LA,30.09725,-93.36037,"From I-10, take exit 20 South on Ruth Street.  Continue from Ruth straight for 2 miles onto Hwy. 27.  Follow 27 approximately 6 mi. Turn Right onto  Chilly Westlund Rd. Boat Launch on first left.",Elaine Westlund,3378221565,Active,,6,6,0,0,1,10,NO,YES,YES,NO,YES,NO,NO,YES,NO,NO,NO,NO,NO,NO,NO,NO,NA,N/A,NO
4048,,Wakeside Marina,,Grand Isle,70358,,51,JEFFERSON,22,LA,29.20548,-90.03898,Across Hwy 1 from Bridgeside Marina.,Robert Vegas,9853096030,Active,,0,75,0,0,2,50,NO,NO,YES,NO,NO,YES,NO,YES,YES,YES,NO,NO,NO,NO,YES,NO,NA,N/A,NO
4049,,FLORA BAMA WATERSPORTS,17401 PERDIDO KEY DRIVE,ORANGE BEACH,36561,,3,BALDWIN,1,AL,30.28272,-87.51847,ON THE FL/AL STATE LINE ON THE NORTH SIDE OF THE FRONT BEACH ROAD,,2519805222,Active,,18,25,4,0,0,0,NO,NO,YES,YES,NO,NO,NO,NO,NO,NO,NO,NO,NO,YES,NO,YES,NA,N/A,NO
4050,,Dugas Landing,514 Joe Dugas Road,Hackberry ,70645,5223,23,CAMERON,22,LA,29.96692,-93.34218,From I-10  exit 20 south on Highway 27 through Hackberry.  Approximately 2.5 south of Hackberry left on Joe Dugas Road. Take Joe Dugas Road till end.,Jack Hebert,3377623944,Active,,0,15,0,0,2,15,NO,NO,YES,NO,YES,NO,NO,YES,NO,NO,NO,NO,YES,NO,NO,NO,NA,N/A,NO
4086,,Price Lake,,Grand Chenier,70643,,23,CAMERON,22,LA,29.70603,-92.83063,East on Highway 82 just south of Creole 17.4 miles to Price Lake Road on Rockefeller Refuge.  South on Price Lake Road 1.8 miles.,Rockefeller Refuge,3374912593,Active,,0,50,0,0,0,0,NO,NO,YES,NO,YES,NO,NO,NO,NO,NO,NO,NO,NO,NO,NO,NO,INLAND,MAN-MADE,NO
4087,,CPSP Shark Bayou,,Cypremort Point,,,101,ST. MARY,22,LA,29.74097,-91.85437,"West of Public Boat Launch, off Hwy 319",Louis Geerts,3378674510,Active,,0,100,0,0,0,100,NO,YES,YES,NO,YES,NO,NO,YES,YES,NO,YES,NO,NO,NO,NO,NO,INLAND,BOTH,NO
4088,,CPSP Pavilion,,Cypremort Point,,,101,ST. MARY,22,LA,29.73415,-91.85472,"West of public boat launch, off Hwy 319",Louis Geerts,3378674510,Active,,0,100,0,0,0,100,NO,YES,YES,YES,YES,NO,NO,YES,YES,NO,YES,NO,NO,NO,NO,NO,INLAND,BOTH,NO
4133,,Grand Isle Kayak Launch,,Grand Isle,70358,,51,JEFFERSON,22,LA,29.23843,-90.00295,On dirt road just west of LDWF Research Lab.  Follow signs on LA1 and Ludwig Ln.,N/A,,Active,,0,15,0,0,1,0,NO,NO,YES,NO,NO,NO,NO,NO,NO,NO,NO,NO,NO,NO,NO,NO,NA,N/A,NO
4140,,Bayou Carlin Cove,,Delcambre,,,113,VERMILION,22,LA,29.94207,-91.98227,"From Hwy 90, take Hwy 14 westward to Delcambre.  Turn south (left) on Railroad St.  Driveway to launch is approx. 0.6 miles.",,,Active,,0,75,0,0,4,75,NO,NO,YES,NO,YES,NO,NO,YES,NO,YES,NO,YES,NO,NO,NO,NO,INLAND,BOTH,NO
4143,,Leeville Public Launch,Goat Isle Ave.,Leeville,70357,,57,LAFOURCHE,22,LA,29.24702,-90.20967,"End of Old Hwy 1, Goat Isle Ave, Underneath the Gateway to the Gulf Expy.  Near intersection of Bayou Lafourche and the Southwest Canal.",Un-manned,,Active,,0,100,2,0,2,100,NO,NO,YES,NO,NO,NO,NO,NO,NO,NO,NO,NO,NO,NO,NO,NO,INLAND,BOTH,NO
4147,,Lake Catherine Island Marina,26204 Chef Menteur Hwy,New Orleans,70129,3086,71,ORLEANS,22,LA,30.1499,-89.7408,"Hwy 90, 1.3 Miles west of Rigolets Pass Bridge",M.D. Stewart,5046625741,Active,,20,20,0,0,2,20,YES,YES,YES,NO,NO,YES,NO,YES,NO,NO,NO,NO,NO,NO,YES,NO,NA,N/A,YES
4153,,Eddie Pinto's Marina,2651 Paris Rd,New Orleans,70129,7813,71,ORLEANS,22,LA,29.99117,-89.94235,,Eric Lentz,5044012206,Active,,0,10,0,0,2,30,NO,YES,YES,NO,NO,NO,NO,YES,NO,NO,NO,NO,YES,NO,YES,NO,NA,N/A,NO
4154,,Pelican Pointe Marina,23008 Chef Menteur Hwy,New Orleans,70129,3020,71,ORLEANS,22,LA,30.1645,-89.73992,At the base of the HWY 90 Rigolets Bridge,Gary Landrieu,5042538242,Active,,20,20,0,0,2,20,YES,YES,YES,YES,NO,YES,NO,YES,NO,NO,NO,NO,YES,NO,YES,NO,NA,N/A,YES
4155,,Lakeshore Dr -Elysian Fields to LPBF Lighthouse,8001 Lakeshore Dr,New Orleans,70124,2480,71,ORLEANS,22,LA,30.02649,-90.11242,,,,Active,,0,0,0,0,0,0,NO,NO,YES,NO,NO,NO,NO,NO,NO,NO,NO,NO,NO,NO,NO,NO,INLAND,BOTH,NO
4157,,C & S LIVE BAIT AND TACKLE LLC,7554 DEER RIVER RD,THEODORE,36582,9316,97,MOBILE,1,AL,30.534,-88.10525,,CHERYL STACY,2514424040,Active,,0,40,0,0,2,40,NO,NO,YES,YES,NO,NO,NO,YES,YES,YES,NO,NO,NO,NO,YES,NO,NA,N/A,YES
4188,,JEMISON'S BAIT & TACKLE,16871 DAUPHIN ISLAND PARKWAY,CODEN,36523,,97,MOBILE,1,AL,30.34123,-88.1268,,HARRY JEMISON,2518734695,Active,,10,30,2,0,2,30,NO,NO,YES,NO,NO,NO,NO,YES,NO,NO,NO,NO,YES,NO,YES,NO,INLAND,MAN-MADE,YES
4233,,MCNALLY PARK (LAUNCH),4380 PARK ROAD,MOBILE,36605,9469,97,MOBILE,1,AL,30.5824,-88.07352,"DI PARKWAY TO TERRELL RD, TO PARK RD, SOUTH 1 BLOCK",,,Active,,0,100,0,0,1,12,NO,NO,YES,NO,NO,NO,NO,NO,NO,NO,NO,NO,NO,NO,NO,NO,NA,N/A,NO
4245,,Bay St. Louis Municpal Harbor and Pier,100 Jody Compretta Dr,Bay St. Louis,39520,4570,45,HANCOCK,28,MS,30.31155,-89.32415,From Hwy 90 turn south onto Beach Blvd. Marina is located across from Hancock County Chamber of Commerce just north of railroad bridge,Harbor Master,,Active,,160,50,0,0,0,0,NO,NO,YES,YES,NO,YES,NO,NO,YES,YES,NO,YES,NO,YES,NO,NO,INLAND,MAN-MADE,NO
4252,,Brittany Ave. Ramp,Brittany Avenue,St. martin,,,59,JACKSON,28,MS,30.43365,-88.88067,South off Leymone.,,,Active,,0,2,0,0,2,30,NO,NO,YES,YES,YES,NO,NO,NO,NO,NO,NO,NO,NO,NO,NO,NO,INLAND,MAN-MADE,NO
4254,,Biloxi Charter Marina,697 Beach Blvd,Biloxi ,39530,4302,47,HARRISON,28,MS,30.39197,-88.88492,West Side of Harbor; McELroys Parking Lot,Harbor Master,,Active,,30,46,15,0,0,0,NO,NO,YES,YES,NO,YES,NO,NO,YES,YES,NO,NO,NO,YES,NO,NO,NA,N/A,NO
4255,,Pass Christian Harbor-East,,Pass Christian,,,47,HARRISON,28,MS,30.31412,-89.24337,West of Gulfport Harbor prior to crossing Bay St. Louis Bridge,Harbor Master,2284525128,Active,,162,215,2,0,4,96,NO,NO,YES,YES,NO,NO,NO,NO,NO,YES,NO,NO,NO,NO,NO,NO,NA,N/A,NO
4297,,Pascagoula Beach Park Pier,600 City Park St.,Pascagoula,39567,,59,JACKSON,28,MS,30.34342,-88.53377,Turn north off fo Beach Blvd onto City Park Street at Pascagoula Beach Park,,,Active,,0,20,0,0,0,0,NO,NO,YES,YES,NO,NO,NO,NO,NO,NO,NO,NO,NO,NO,NO,NO,INLAND,MAN-MADE,NO
4310,,Gulf Islands National Seashore - Pier,3500 Park Road,Ocean Springs,39564,9709,59,JACKSON,28,MS,30.389,-88.79167,Exit Hwy90 at Park Road south. Continue on Park Road following signs to the Visitor's Center. Fishing Pier is marked with signs.,Park Ranger,2288759057,Active,,0,25,0,0,0,0,NO,NO,YES,NO,YES,NO,NO,NO,NO,NO,NO,NO,NO,NO,NO,NO,INLAND,MAN-MADE,NO
4311,,Parker's Landing,7577 E. Oaklawn Road,Biloxi,39532,7808,47,HARRISON,28,MS,30.45972,-88.96548,W. Oaklawn to E. Oaklawn. Boat Launch is located north side of Parkers Landing RV Park,,,Active,,0,20,0,0,2,20,NO,NO,YES,NO,NO,NO,NO,NO,NO,NO,NO,NO,NO,NO,NO,NO,NA,N/A,NO
4312,,Shaggy's,115 Market Street,Pass Christian,39571,4457,47,HARRISON,28,MS,30.31065,-89.24943,Seawall and Pier located at south end of the Harbor behind Shaggy's Restaurant,Harbor Master,2284525128,Active,,0,50,6,0,0,25,NO,NO,YES,YES,NO,NO,NO,NO,NO,NO,NO,NO,NO,YES,NO,NO,OCEAN,MAN-MADE,NO
4318,,Bristol Ramp,Bristol Boulevard,Ocean Springs,39564,,59,JACKSON,28,MS,30.41938,-88.7925,Ramp is located at the northern end of Fort Bayou estates subdivision on Bristol Boulevard,,,Active,,0,10,0,0,1,5,NO,NO,YES,YES,NO,NO,NO,NO,NO,YES,NO,NO,NO,NO,NO,NO,INLAND,MAN-MADE,NO
4319,,Long Beach Jetty,213 Beach Blvd E,Long Beach,39560,6113,47,HARRISON,28,MS,30.34405,-89.14412,Jetty is located west of Long Beach Harbor behind Steve's Marina,Harbor Master,2288634795,Active,,0,20,0,0,0,0,NO,NO,YES,YES,NO,NO,NO,NO,NO,NO,NO,NO,NO,NO,NO,NO,INLAND,MAN-MADE,NO
4343,,DELTA PORT PUBLIC ACCESS,5080 GREEN DR.,CODEN,36523,,97,MOBILE,1,AL,30.36853,-88.1603,"LOCATED AT THE END OF GREEN DR. IN CODEN, AL",,,Active,,0,40,0,0,2,40,NO,NO,YES,NO,NO,NO,NO,NO,YES,YES,NO,NO,NO,NO,NO,NO,INLAND,MAN-MADE,NO
4350,,D'OLIVE BAY RAMP,1 YACHT CLUB DR,DAPHNE,36526,7144,3,BALDWIN,1,AL,30.63827,-87.91622,"TURN OFF HWY 98 IN DAPHNE ONTO YACHT CLUB DR, IN LAKE FOREST TOWARD THE LAKE FOREST YACHT CLUB AND FOLLOW ROAD TO RAMP",,,Active,,0,20,0,0,2,10,NO,NO,YES,NO,NO,NO,NO,NO,YES,YES,NO,NO,NO,NO,NO,NO,INLAND,MAN-MADE,NO
4381,,BEAR POINT HARBOR,5749 BAY LA LAUNCH AVENUE,ORANGE BEACH,36561,4138,3,BALDWIN,1,AL,30.3094,-87.526,"EAST ON HWY 180, NORTH ON BAY LA LAUNCH AVE TO END.",,2519812327,Active,,24,24,3,0,0,0,NO,NO,YES,YES,NO,YES,NO,NO,NO,YES,NO,NO,NO,YES,YES,YES,NA,N/A,YES
4383,,Bayou Cumbest Boat Launch,10221 Bayou Cumbest Rd,Moss Point,39562,7684,59,JACKSON,28,MS,30.39048,-88.44365,"From Hwy 90, turn right onto Chevron, left on Bayou Cumbest, site roughly 2 miles down road.",,,Active,,0,30,0,0,1,30,NO,NO,YES,NO,YES,NO,NO,NO,NO,NO,NO,NO,NO,NO,NO,NO,INLAND,MAN-MADE,NO
4384,,Hiller Park,Atkinson Rd,Biloxi,39531,,47,HARRISON,28,MS,30.41037,-88.95407,"Head west on hwy 90, right onto Veterans Ave, left onto Pass Rd, right onto Hiller Dr, left onto Egers Rd, Right onto Atkinson. Ramp is immediately on left",,,Active,,0,10,0,0,1,10,NO,NO,YES,NO,NO,NO,NO,NO,NO,NO,NO,NO,NO,NO,NO,NO,INLAND,MAN-MADE,NO
4407,,JOSEPHINE BOAT RAMP,28840 JOSEPHINE DR.,ELBERTA,36530,,3,BALDWIN,1,AL,30.32655,-87.53317,"OFF JOSEPHINE DRIVE EAST OF OLD COUNTY RD 95, JUST WEST OF MARJON LANE",,,Active,,0,10,0,0,2,10,NO,NO,YES,NO,YES,NO,NO,NO,YES,NO,NO,NO,NO,NO,NO,NO,INLAND,MAN-MADE,NO
4424,,Simmons Bayou,Beachview Dr ,Ocean Springs,39564,,59,JACKSON,28,MS,30.37448,-88.76007,S on Beachview Dr; Just south of DaBayou Bar and Grill,Wade Hardy,2285235000,Active,,0,5,0,0,1,5,NO,NO,YES,NO,YES,NO,NO,NO,NO,NO,NO,NO,NO,YES,NO,NO,NA,N/A,NO
4425,,Forrest Ave,Bayview Ave,Biloxi ,39530,,47,HARRISON,28,MS,30.41162,-88.90348,Corner of Forrest Ave and Bayview Ave. Just east of the Mississippi Department of Marine Resources,Wade Hardy,2283745000,Active,,0,10,0,0,2,7,NO,NO,YES,NO,YES,NO,NO,NO,NO,YES,NO,NO,NO,NO,NO,NO,INLAND,MAN-MADE,NO
4426,,Henderson Point,W Bayview St,Pass Christian,39571,,47,HARRISON,28,MS,30.31227,-89.29017,"From W Hwy 90, take left turn onto W Bayview St until you reach boatlaunch.",Wade Hardy,2283745000,Active,,0,5,0,0,1,12,NO,NO,YES,NO,YES,NO,NO,NO,NO,NO,NO,NO,NO,NO,NO,NO,INLAND,MAN-MADE,NO
4443,,Pass Christian Harbor Charters,115 Market St,Pass Christian,39571,,47,HARRISON,28,MS,30.31152,-89.25022,West Side of Harbor. Charters located north and south of Shaggy's restaurant.,Wade Hardy,2283745000,Retired,,100,50,15,0,1,25,NO,YES,YES,YES,NO,YES,NO,NO,YES,YES,NO,NO,NO,YES,YES,NO,NA,N/A,YES
4466,,BAYOU LA BATRE POINT,14772 STATE DOCK RD,BAYOU LA BATRE,36509,,97,MOBILE,1,AL,30.38305,-88.27015,END OF SHELL BELT RD. AT MOUTH OF B. LA BATRE CHANNEL,STATE DOCKS,2518612882,Active,,0,12,0,0,2,40,NO,NO,YES,NO,NO,NO,NO,NO,NO,NO,NO,NO,NO,NO,NO,NO,INLAND,BOTH,NO
4498,,THE LAUNCH,11830 BROWN LANE,ORANGE BEACH,36561,,3,BALDWIN,1,AL,30.29484,-87.63507,,,,Active,,0,84,0,0,6,200,NO,NO,YES,NO,NO,NO,NO,NO,YES,YES,NO,NO,NO,NO,NO,,INLAND,MAN-MADE,NO
4508,,Ocean Springs Harbor Pier,1310 Harbor Rd,Ocean Springs,39560,,59,JACKSON,28,MS,30.40275,-88.8241,,,,Active,,0,20,0,0,0,0,NO,YES,YES,YES,YES,YES,NO,NO,YES,YES,NO,YES,NO,NO,YES,,OCEAN,MAN-MADE,YES
4509,,La Croix,11160 MS 603,Bay St. Louis,39520,,45,HANCOCK,28,MS,30.32917,-89.42348,,,,Active,,0,10,0,0,2,25,NO,NO,YES,NO,NO,NO,NO,NO,NO,NO,NO,NO,NO,NO,NO,,NA,N/A,NO
4510,,Cedar Point,4098 N Beach Blvd,Bay St Louis,39520,,45,HANCOCK,28,MS,30.3389,-89.35453,,,,Active,,0,15,0,0,2,11,NO,NO,YES,NO,YES,NO,NO,NO,YES,YES,NO,NO,NO,NO,NO,,OCEAN,MAN-MADE,NO
4511,,Marlin Necaise,W Wittman Rd,Pass Christian,39571,,47,HARRISON,28,MS,30.35685,-89.27304,,,,Active,,0,5,0,0,1,20,NO,NO,YES,NO,NO,NO,NO,NO,NO,NO,NO,NO,NO,NO,NO,,NA,N/A,NO
4514,,LADNIER LANDING,1118 DESOTO AVE,"DAUPHIN ISLAND, ALABAMA",36528,,97,MOBILE,1,AL,30.25755,-88.11648,,,,Active,,0,0,0,0,2,40,NO,NO,YES,NO,NO,NO,NO,NO,YES,YES,NO,NO,NO,NO,NO,,NA,N/A,NO
4526,,West Biloxi Boat Launch,,Biloxi,39531,,47,HARRISON,28,MS,30.39097,-88.95333,On Hwy 90 across the street from Treasure Bay Casino,,,Active,,0,30,0,0,2,40,NO,NO,YES,NO,NO,NO,NO,NO,NO,NO,NO,NO,NO,NO,NO,,OCEAN,MAN-MADE,NO